obj_F1_safeguarding,obj_F2_privacy_agency,obj_F3_everyday_life,obj_F4_service_separation,obj_F5_site_efficiency,obj_F6_adaptability,obj_F7_domestic_scale,obj_F8_community_connection,obj_F9_landscape_buffer,g_n_R4,g_has_H0,g_has_J0,g_has_K0,g_has_I0,g_has_L0,g_public_intensity,g_floors_C0,g_floors_H0,g_landscape_frac,g_service_depth,g_buffer_depth,g_reserve_area,genotype_id,birth_generation,n_R4,residents,day_users,gfa,footprint,landscape_frac,rank,cv,must_shortfall,soft_cv,feasible,seed,selected_generation
0.2558,0.0,0.2347,0.1204,0.284,0.4648,0.0,1.0,0.2713,2.0,0.0,0.0,0.0,0.0,0.0,0.0,1.0,2.0,0.5202725885696108,10.844404180997165,10.839545199361222,120.23915246296177,6f6eec031984f3ed,45,2,8,8,841,840.6,0.52,0,0.0,0.0,0.0,True,42,80
0.216,0.0,0.1911,0.0496,0.3246,0.5382,0.5406,0.6667,0.2002,2.0,0.0,0.0,1.0,0.0,0.0,1.0,1.0,1.0,0.5499233670583573,10.002103018994635,11.462150671898055,99.3969475037363,d7968a2e47c0021c,57,2,8,16,961,960.8,0.55,0,0.0,0.0,0.0,True,42,80
0.1918,0.0,0.2092,0.1539,0.3615,0.5001,0.0971,0.3333,0.3893,2.0,1.0,1.0,0.0,0.0,0.0,2.0,1.0,2.0,0.471129008078179,10.811190915181257,10.909737329248314,134.92638033803925,5df0f67dd093c354,76,2,8,24,1179,1070.1,0.471,0,0.0,0.0,0.0,True,42,80
0.1691,0.0,0.2007,0.029,0.284,0.1899,0.6161,1.0,0.2179,2.0,0.0,0.0,0.0,0.0,0.0,0.0,2.0,2.0,0.542533706052888,10.058782103925655,10.698826050027327,268.71062053112905,e27967f1b48656a3,77,2,8,8,991,840.6,0.543,0,0.0,0.0,0.0,True,42,80
0.1312,0.0,0.2231,0.1376,0.325,0.5475,0.2416,0.6667,0.3651,2.0,0.0,1.0,0.0,0.0,0.0,1.0,1.0,2.0,0.48120042052099404,10.797494928069447,10.416081077690784,94.37385575858653,acefa28fec313f18,78,2,8,16,963,962.1,0.481,0,0.0,0.0,0.0,True,42,80
0.228,0.0,0.2363,0.0277,0.3205,0.2246,0.7167,0.6667,0.2382,2.0,1.0,0.0,0.0,0.0,0.0,1.0,1.0,2.0,0.5340672502644405,9.901767392637105,10.698826050027327,268.71062053112905,93f149e2fa986de0,79,2,8,16,1057,948.6,0.534,0,0.0,0.0,0.0,True,42,80
0.2022,0.0,0.2316,0.1188,0.284,0.4957,0.071,1.0,0.5261,2.0,0.0,0.0,0.0,0.0,0.0,0.0,2.0,2.0,0.4141359297247343,10.84528189556739,11.508854260261893,103.54965022535733,f7a6b79c773bb3b7,79,2,8,8,991,840.6,0.414,0,0.0,0.0,0.0,True,42,80
0.1418,0.0,0.2039,0.1079,0.3609,0.6058,0.2904,0.6667,0.2636,2.0,0.0,1.0,0.0,1.0,1.0,1.0,2.0,2.0,0.5234926108245508,10.814459538346961,10.03419741541377,90.1374221834917,3e4b43e956ddaf03,79,2,8,16,1219,1068.4,0.523,0,0.0,0.0,0.0,True,42,80
0.2285,0.0,0.2735,0.0277,0.325,0.2232,0.715,0.6667,0.2331,2.0,0.0,1.0,0.0,0.0,0.0,1.0,2.0,2.0,0.536223624325607,9.901767392637105,10.695916693877843,269.49233533648936,7cd3663d8c31cbc2,79,2,8,16,1113,962.1,0.536,0,0.0,0.0,0.0,True,42,80
0.1712,0.0,0.23,0.1364,0.3894,0.5924,0.1695,0.3333,0.3831,2.0,0.0,1.0,1.0,0.0,1.0,2.0,2.0,2.0,0.47370206301534884,9.971536228017532,10.654064372989215,97.364722631353,cac0bba65639e5d7,72,2,8,24,1303,1152.5,0.474,0,0.0,0.0,0.0,True,42,80
0.1737,0.0,0.1448,0.0236,0.284,0.4985,0.5035,1.0,0.3143,2.0,0.0,0.0,0.0,0.0,0.0,0.0,2.0,2.0,0.5023921107479202,10.809266340940422,11.743915665932239,102.07120971529557,548a68ee62a24224,80,2,8,8,991,840.6,0.502,0,0.0,0.0,0.0,True,42,80
0.2785,0.0,0.248,0.1188,0.284,0.2653,0.0006,1.0,0.4678,2.0,0.0,0.0,0.0,0.0,0.0,0.0,1.0,2.0,0.43842252217168415,10.844464514465544,10.853442405482806,227.9879909105802,ab45946435a7902f,80,2,8,8,841,840.6,0.438,0,0.0,0.0,0.0,True,42,80
0.1496,0.0,0.2052,0.1186,0.3609,0.3255,0.2924,0.6667,0.2636,2.0,0.0,1.0,0.0,1.0,1.0,1.0,2.0,2.0,0.5234926108245508,10.814465928099843,10.03419741541377,241.49565505336568,b957b41667657990,80,2,8,16,1219,1068.4,0.523,0,0.0,0.0,0.0,True,42,80
0.1868,0.0,0.1743,0.0725,0.325,0.2755,0.3393,0.6667,0.3976,2.0,0.0,1.0,0.0,0.0,0.0,1.0,1.0,2.0,0.46768735972480024,10.814696951828239,10.751098933611098,241.20881568538456,14916c61643ca01c,72,2,8,16,963,962.1,0.468,0,0.0,0.0,0.0,True,42,80
0.1453,0.0,0.2169,0.1295,0.3199,0.5095,0.2366,1.0,0.3897,2.0,0.0,0.0,0.0,1.0,1.0,0.0,2.0,2.0,0.4709604719007412,10.797800760950468,10.758397404216785,129.88253799627137,2f87895cedbda691,60,2,8,8,1097,946.9,0.471,0,0.0,0.0,0.0,True,42,80
0.2314,0.0,0.2151,0.0561,0.3205,0.2482,0.4455,0.6667,0.2129,2.0,1.0,0.0,0.0,0.0,0.0,1.0,1.0,2.0,0.544638143890649,9.99506284978833,12.333702006826446,255.98779386792265,358909b4300cc233,75,2,8,16,1057,948.6,0.545,0,0.0,0.0,0.0,True,42,80
0.269,0.0,0.2049,0.0765,0.3326,0.5282,0.0117,0.6667,0.271,2.0,1.0,0.0,0.0,1.0,0.0,1.0,1.0,2.0,0.5203987068278478,10.844404180997165,11.732044034251919,119.77441912231596,c0a7c1ca1d49f075,75,2,8,16,1093,984.6,0.52,0,0.0,0.0,0.0,True,42,80
0.2528,0.0,0.1556,0.1196,0.3205,0.2728,0.0091,1.0,0.4556,2.0,1.0,0.0,0.0,0.0,0.0,1.0,2.0,2.0,0.4434901604632129,10.815414731522157,22.662926930289476,242.67355994985653,87b3263d22aa03bb,68,2,8,16,1207,948.6,0.443,0,0.0,0.0,0.0,True,42,80
0.1958,0.0,0.2447,0.1215,0.284,0.2891,0.0207,1.0,0.3006,2.0,0.0,0.0,0.0,0.0,0.0,0.0,2.0,2.0,0.5081020909344364,10.84436495767281,11.289774515222385,215.12322782447214,3662e25c6805af97,63,2,8,8,991,840.6,0.508,0,0.0,0.0,0.0,True,42,80
0.1871,0.0,0.2007,0.0352,0.2961,0.2246,0.587,1.0,0.2179,2.0,0.0,0.0,0.0,1.0,0.0,0.0,2.0,2.0,0.542533706052888,10.058782103925655,10.524891288214945,268.71062053112905,aaf392fd1c7431ad,80,2,8,8,1027,876.6,0.543,0,0.0,0.0,0.0,True,42,80
0.2035,0.0,0.1862,0.0339,0.284,0.2132,0.4494,1.0,0.4469,2.0,0.0,0.0,0.0,0.0,0.0,0.0,2.0,2.0,0.44712807118668546,10.83682864898934,10.755521348490495,256.12267944243035,6d8ec32ccb67460c,74,2,8,8,991,840.6,0.447,0,0.0,0.0,0.0,True,42,80
0.1777,0.0,0.2406,0.1293,0.284,0.4336,0.1169,1.0,0.3809,2.0,0.0,0.0,0.0,0.0,0.0,0.0,1.0,2.0,0.4746265182155014,10.817098646942028,11.601718452297098,137.07902582768887,c4abcb59c6544ef7,80,2,8,8,841,840.6,0.475,0,0.0,0.0,0.0,True,42,80
0.2625,0.0,0.2604,0.1035,0.284,0.2653,0.0133,1.0,0.4753,2.0,0.0,0.0,0.0,0.0,0.0,0.0,1.0,1.0,0.43530786257531573,10.84339429488295,11.500893648657218,227.9879909105802,c6a5fa9d36905951,66,2,8,8,841,840.6,0.435,0,0.0,0.0,0.0,True,42,80
0.2147,0.0,0.2118,0.0702,0.284,0.2059,0.459,1.0,0.4348,2.0,0.0,0.0,0.0,0.0,0.0,0.0,2.0,1.0,0.45218620582601166,10.072726079000553,10.79676264917498,260.0425289461453,380856dc17f0681f,64,2,8,8,991,840.6,0.452,0,0.0,0.0,0.0,True,42,80
0.2328,0.0,0.2119,0.0684,0.3077,0.2483,0.4474,1.0,0.321,2.0,0.0,0.0,0.0,0.0,1.0,0.0,2.0,1.0,0.4995968985730558,10.001013473059707,10.666644615952672,255.94384207489009,59f7179d2034a401,76,2,8,8,1061,910.9,0.5,0,0.0,0.0,0.0,True,42,80
0.1368,0.0,0.2159,0.1084,0.3372,0.5798,0.2918,0.6667,0.2508,2.0,0.0,1.0,0.0,1.0,0.0,1.0,2.0,2.0,0.5288342377988153,10.814928918018218,10.014569758732012,91.9062422482524,e1bff9b046919478,78,2,8,16,1149,998.1,0.529,0,0.0,0.0,0.0,True,42,80
0.2089,0.0,0.2137,0.0849,0.3853,0.3288,0.1306,0.3333,0.4568,2.0,1.0,1.0,0.0,0.0,1.0,2.0,1.0,2.0,0.4429882635229175,10.814851660331634,10.767595923010575,239.69924008530054,64469e30aaaf95d8,69,2,8,24,1249,1140.4,0.443,0,0.0,0.0,0.0,True,42,80
0.1501,0.0,0.1992,0.1292,0.3564,0.3395,0.2149,0.6667,0.439,2.0,1.0,0.0,0.0,1.0,1.0,1.0,2.0,2.0,0.4504335570863158,10.852258676558565,11.117586095027317,233.94875147789156,6a354db68e5a8bf1,77,2,8,16,1313,1054.9,0.45,0,0.0,0.0,0.0,True,42,80
0.2038,0.0,0.2495,0.044,0.3205,0.2823,0.6652,0.6667,0.2301,2.0,1.0,0.0,0.0,0.0,0.0,1.0,1.0,2.0,0.5374698240477744,10.84449727024977,10.761395047651842,237.57950598284694,d28b4f17e10fcdb9,70,2,8,16,1057,948.6,0.537,0,0.0,0.0,0.0,True,42,80
0.2258,0.0,0.2151,0.0685,0.3077,0.2483,0.4455,1.0,0.321,2.0,0.0,0.0,0.0,0.0,1.0,0.0,2.0,1.0,0.4995968985730558,9.99506284978833,10.669005119265204,255.94384207489009,3cea770909944c98,56,2,8,8,1061,910.9,0.5,0,0.0,0.0,0.0,True,42,80
0.1598,0.0,0.1949,0.0535,0.284,0.1917,0.6005,1.0,0.4119,2.0,0.0,0.0,0.0,0.0,0.0,0.0,1.0,2.0,0.46169347760121265,10.867604262287031,10.701073914625825,267.74737758653606,851b075e312a67b4,66,2,8,8,841,840.6,0.462,0,0.0,0.0,0.0,True,42,80
0.1953,0.0,0.1926,0.0749,0.3372,0.3573,0.1862,0.6667,0.4538,2.0,0.0,1.0,0.0,1.0,0.0,1.0,1.0,2.0,0.44425080558610264,10.814054004362005,10.586503208361862,212.04160708336002,af889b7e6318f1d6,78,2,8,16,999,998.1,0.444,0,0.0,0.0,0.0,True,42,80
0.1907,0.0,0.2312,0.1038,0.3372,0.5364,0.0232,0.6667,0.3254,2.0,0.0,1.0,0.0,1.0,0.0,1.0,1.0,2.0,0.4977672999683777,10.840694900490735,12.00066693104431,115.3515053283998,491308c8b5ea086d,78,2,8,16,999,998.1,0.498,0,0.0,0.0,0.0,True,42,80
0.2457,0.0,0.2564,0.0251,0.3246,0.2438,0.7014,1.0,0.2251,2.0,0.0,0.0,1.0,0.0,0.0,1.0,1.0,1.0,0.539544768593982,10.033819468592892,10.66123895792418,258.3389335512755,87c26487efe298ab,65,2,8,16,961,960.8,0.54,0,0.0,0.0,0.0,True,42,80
0.1794,0.0,0.2337,0.0929,0.284,0.4943,0.0742,1.0,0.3414,2.0,0.0,0.0,0.0,0.0,0.0,0.0,2.0,1.0,0.491066861793328,10.844706342663425,10.787780674161668,104.35206766459562,8838f7b5d323ad27,77,2,8,8,991,840.6,0.491,0,0.0,0.0,0.0,True,42,80
0.1349,0.0,0.2243,0.1398,0.3488,0.5828,0.2377,0.6667,0.3897,2.0,0.0,1.0,0.0,0.0,1.0,1.0,2.0,2.0,0.4709727212764751,10.797480694327376,10.757841434719582,90.26487862322982,bf340a6fff007769,74,2,8,16,1183,1032.4,0.471,0,0.0,0.0,0.0,True,42,80
0.2284,0.0,0.2551,0.0608,0.284,0.1934,0.6497,1.0,0.2043,2.0,0.0,0.0,0.0,0.0,0.0,0.0,1.0,2.0,0.5482071645654775,10.862820955925958,11.593087010435365,266.83583201213446,751498187d6691f8,67,2,8,8,841,840.6,0.548,0,0.0,0.0,0.0,True,42,80
0.2104,0.0,0.1665,0.0737,0.3615,0.3046,0.3253,0.3333,0.3074,2.0,1.0,1.0,0.0,0.0,0.0,2.0,1.0,2.0,0.5052552642445738,10.846927149619352,10.915584772407577,240.50246632550156,e076161ffc31a053,78,2,8,24,1179,1070.1,0.505,0,0.0,0.0,0.0,True,42,80
0.2226,0.0,0.2091,0.0952,0.284,0.4599,0.1058,1.0,0.4913,2.0,0.0,0.0,0.0,0.0,0.0,0.0,2.0,1.0,0.4286447817935725,10.845837292077205,22.732141512747823,122.8955855113073,0f3197a41222d40f,78,2,8,8,991,840.6,0.429,0,0.0,0.0,0.0,True,42,80
0.214,0.0,0.2017,0.066,0.284,0.4732,0.515,1.0,0.2205,2.0,0.0,0.0,0.0,0.0,0.0,0.0,1.0,2.0,0.5414652975800383,9.960775259542578,11.410578604208183,115.70920882336829,65c7094bb1ecbe4d,56,2,8,8,841,840.6,0.541,0,0.0,0.0,0.0,True,42,80
0.1592,0.0,0.2191,0.0855,0.3372,0.5583,0.1671,0.6667,0.4238,2.0,0.0,1.0,0.0,1.0,0.0,1.0,1.0,2.0,0.45674553174300253,10.818893654915701,10.53216711338549,103.49959774482723,1a6fbcb3a0e25bd9,80,2,8,16,999,998.1,0.457,0,0.0,0.0,0.0,True,42,80
0.2216,0.0,0.2057,0.079,0.3488,0.296,0.1883,0.6667,0.3979,2.0,0.0,1.0,0.0,0.0,1.0,1.0,1.0,2.0,0.46752467158888744,10.816820706605931,10.751126421677503,245.1542164554258,e66e60bcfaf29061,79,2,8,16,1033,1032.4,0.468,0,0.0,0.0,0.0,True,42,80
0.1565,0.0,0.2364,0.1318,0.325,0.268,0.1669,1.0,0.3607,2.0,0.0,1.0,0.0,0.0,0.0,1.0,2.0,2.0,0.48306190736489124,10.846595742700535,10.865527244741596,245.29765742500885,1d365e664dc497eb,73,2,8,16,1113,962.1,0.483,0,0.0,0.0,0.0,True,42,80
0.163,0.0,0.218,0.1442,0.3442,0.5709,0.1354,0.6667,0.3966,2.0,1.0,0.0,0.0,0.0,1.0,1.0,2.0,2.0,0.46807614619878335,10.814803487490265,10.757698627900831,96.68824115056276,95301af79bd067a9,77,2,8,16,1277,1018.9,0.468,0,0.0,0.0,0.0,True,42,80
0.1521,0.0,0.2006,0.1256,0.3372,0.5798,0.1924,0.6667,0.3879,2.0,0.0,1.0,0.0,1.0,0.0,1.0,2.0,2.0,0.4717102682810023,10.815555462045477,10.010285196586189,91.92651083290163,0839c55f21134301,79,2,8,16,1149,998.1,0.472,0,0.0,0.0,0.0,True,42,80
0.1618,0.0,0.2347,0.1456,0.325,0.5461,0.13,0.6667,0.4018,2.0,0.0,1.0,0.0,0.0,0.0,1.0,2.0,2.0,0.4659271911571339,10.812453528213608,11.709381583827266,95.10252592677577,fb94f288425c419c,77,2,8,16,1113,962.1,0.466,0,0.0,0.0,0.0,True,42,80
0.2269,0.0,0.162,0.0729,0.284,0.2421,0.3095,1.0,0.3078,2.0,0.0,0.0,0.0,0.0,0.0,0.0,2.0,2.0,0.505065316608636,10.84521409830668,10.748294186374332,240.50246632550156,8e08f7759efc36c5,72,2,8,8,991,840.6,0.505,0,0.0,0.0,0.0,True,42,80
0.1966,0.0,0.1639,0.026,0.284,0.2307,0.5878,1.0,0.4577,2.0,0.0,0.0,0.0,0.0,0.0,0.0,2.0,2.0,0.4426190548876657,10.845135151069515,10.751149058116154,246.66980065481772,6686a76ee1fa672e,77,2,8,8,991,840.6,0.443,0,0.0,0.0,0.0,True,42,80
0.167,0.0,0.2267,0.1419,0.3853,0.3185,0.1515,0.3333,0.3884,2.0,1.0,1.0,0.0,0.0,1.0,2.0,2.0,2.0,0.4715192156205232,10.483796045019753,10.767546116933618,245.28443518966446,5bffe8e4bfcf8c18,72,2,8,24,1399,1140.4,0.472,0,0.0,0.0,0.0,True,42,80
0.2171,0.0,0.1644,0.0401,0.284,0.4424,0.3009,1.0,0.3866,2.0,0.0,0.0,0.0,0.0,0.0,0.0,1.0,2.0,0.4722529247739862,10.815139801290718,10.879947284783697,132.35500086128977,4ad9f16605f44f9b,80,2,8,8,841,840.6,0.472,0,0.0,0.0,0.0,True,42,80
0.2023,0.0,0.1832,0.0356,0.3205,0.2577,0.7044,1.0,0.2092,2.0,1.0,0.0,0.0,0.0,0.0,1.0,2.0,2.0,0.5461584414998671,10.839074418330473,11.558809484998275,250.8204526712353,1d4325aca0216f87,79,2,8,16,1207,948.6,0.546,0,0.0,0.0,0.0,True,42,80
0.205,0.0,0.185,0.0891,0.2961,0.5541,0.2308,1.0,0.2766,2.0,0.0,0.0,0.0,1.0,0.0,0.0,1.0,1.0,0.5180887934280018,10.814574349022884,10.756518739870943,90.772410083066,1b16425a394c8afa,78,2,8,8,877,876.6,0.518,0,0.0,0.0,0.0,True,42,80
0.1857,0.0,0.2272,0.1515,0.3488,0.3243,0.0767,1.0,0.4746,2.0,0.0,1.0,0.0,0.0,1.0,1.0,2.0,2.0,0.43558281035891433,10.798878085989887,10.757841434719582,229.87123176151647,5fab9724ee26f980,75,2,8,16,1183,1032.4,0.436,0,0.0,0.0,0.0,True,42,80
0.2465,0.0,0.2337,0.1149,0.284,0.2409,0.0036,1.0,0.268,2.0,0.0,0.0,0.0,0.0,0.0,0.0,1.0,2.0,0.52168708362347,10.844706342663425,11.81769412065143,241.18919861299565,39ee79471bffc654,76,2,8,8,841,840.6,0.522,0,0.0,0.0,0.0,True,42,80
0.2104,0.0,0.1647,0.0737,0.3656,0.3046,0.3253,0.3333,0.3799,2.0,0.0,1.0,1.0,0.0,0.0,2.0,2.0,2.0,0.47504212410589614,10.84167478227311,10.918469765408297,240.50246632550156,9c9f7699e3b5c359,80,2,8,24,1233,1082.2,0.475,0,0.0,0.0,0.0,True,42,80
0.1829,0.0,0.165,0.0808,0.284,0.4652,0.3084,1.0,0.2709,2.0,0.0,0.0,0.0,0.0,0.0,0.0,1.0,2.0,0.5204543184215767,10.814481714344929,10.879406548854696,120.06209624441087,65124fc12f1c6bd3,80,2,8,8,841,840.6,0.52,0,0.0,0.0,0.0,True,42,80
0.244,0.0,0.2507,0.0243,0.2961,0.5382,0.7065,1.0,0.2137,2.0,0.0,0.0,0.0,1.0,0.0,0.0,1.0,1.0,0.5443123908502122,9.995200112149746,10.65001812447093,99.3969475037363,5eccaff6bd1407dd,79,2,8,8,877,876.6,0.544,0,0.0,0.0,0.0,True,42,80
0.1421,0.0,0.2046,0.1028,0.2961,0.4804,0.2959,1.0,0.2664,2.0,0.0,0.0,0.0,1.0,0.0,0.0,2.0,2.0,0.5223490356149539,10.814928918018218,10.014569758732012,130.58672280199605,0c585cd69637dce9,74,2,8,8,1027,876.6,0.522,0,0.0,0.0,0.0,True,42,80
0.1685,0.0,0.2284,0.119,0.3894,0.5924,0.1704,0.3333,0.3801,2.0,0.0,1.0,1.0,0.0,1.0,2.0,2.0,2.0,0.47495631892893386,10.747470762055228,10.652650041912278,97.364722631353,d131791b7f00fe3c,79,2,8,24,1303,1152.5,0.475,0,0.0,0.0,0.0,True,42,80
0.1508,0.0,0.1925,0.1335,0.3615,0.5766,0.2361,0.3333,0.3714,2.0,1.0,1.0,0.0,0.0,0.0,2.0,2.0,2.0,0.47856583817766124,10.8131645311935,10.786297159199465,93.64896183321298,fb8e687442d0b295,76,2,8,24,1329,1070.1,0.479,0,0.0,0.0,0.0,True,42,80
0.1501,0.0,0.1992,0.1292,0.3564,0.3395,0.2149,0.6667,0.439,2.0,1.0,0.0,0.0,1.0,1.0,1.0,2.0,2.0,0.4504335570863158,10.852258676558565,12.960375311618511,233.94875147789156,821aa1a559eb3e3e,80,2,8,16,1313,1054.9,0.45,0,0.0,0.0,0.0,True,42,80
0.1475,0.0,0.2382,0.1474,0.325,0.2785,0.1211,1.0,0.3948,2.0,0.0,1.0,0.0,0.0,0.0,1.0,2.0,2.0,0.4688471857045205,10.813965457345644,10.767739736052523,239.6133650314084,925683331f82bcd4,67,2,8,16,1113,962.1,0.469,0,0.0,0.0,0.0,True,42,80
0.1672,0.0,0.227,0.1414,0.3442,0.3033,0.153,0.6667,0.3884,2.0,1.0,0.0,0.0,0.0,1.0,1.0,2.0,2.0,0.4715192156205232,10.483796045019753,11.826055351492949,241.23076112913472,3bd2380ba7a1fbc4,80,2,8,16,1277,1018.9,0.472,0,0.0,0.0,0.0,True,42,80
0.1393,0.0,0.2135,0.1069,0.3609,0.6056,0.2899,0.6667,0.2638,2.0,0.0,1.0,0.0,1.0,1.0,1.0,2.0,2.0,0.5234229552880195,10.796684307260495,10.766352942915267,90.24474144845597,645ae89130b087d6,79,2,8,16,1219,1068.4,0.523,0,0.0,0.0,0.0,True,42,80
0.2237,0.0,0.2019,0.0844,0.3488,0.2847,0.1987,0.6667,0.3978,2.0,0.0,1.0,0.0,0.0,1.0,1.0,1.0,2.0,0.46759842457699013,10.81498754693108,10.751205863690348,251.28880241403252,449cca4fe19c132b,80,2,8,16,1033,1032.4,0.468,0,0.0,0.0,0.0,True,42,80
0.1794,0.0,0.2093,0.1531,0.3205,0.4716,0.0966,0.6667,0.3893,2.0,1.0,0.0,0.0,0.0,0.0,1.0,1.0,2.0,0.471129008078179,10.811190915181257,10.909737329248314,135.34477950714071,664e9f4746176f9f,80,2,8,16,1057,948.6,0.471,0,0.0,0.0,0.0,True,42,80
0.2619,0.0,0.2123,0.0742,0.3326,0.5282,0.0435,0.6667,0.275,2.0,1.0,0.0,0.0,1.0,0.0,1.0,1.0,2.0,0.5187612214802382,10.845254127927916,11.732044034251919,119.77441912231596,29516125ab3b7c75,79,2,8,16,1093,984.6,0.519,0,0.0,0.0,0.0,True,42,80
0.2316,0.0,0.1961,0.0846,0.3442,0.3067,0.1385,1.0,0.4878,2.0,1.0,0.0,0.0,0.0,1.0,1.0,2.0,2.0,0.43008778611211523,10.466009776899684,22.732141512747823,239.3996269383495,39f27451e93138a5,73,2,8,16,1277,1018.9,0.43,0,0.0,0.0,0.0,True,42,80
0.1816,0.0,0.1788,0.0729,0.284,0.2408,0.3244,1.0,0.3075,2.0,0.0,0.0,0.0,0.0,0.0,0.0,2.0,2.0,0.5051914348668729,10.84521409830668,10.751098933611098,241.20881568538456,bb82420a4bb06ec5,72,2,8,8,991,840.6,0.505,0,0.0,0.0,0.0,True,42,80
0.2199,0.0,0.2091,0.1027,0.325,0.2803,0.1247,1.0,0.2803,2.0,0.0,1.0,0.0,0.0,0.0,1.0,2.0,2.0,0.516546214425499,10.815384527490489,10.764054501913293,238.65226943065056,542ecfb021247516,76,2,8,16,1113,962.1,0.517,0,0.0,0.0,0.0,True,42,80
0.1785,0.0,0.1962,0.0756,0.3372,0.351,0.17,0.6667,0.4538,2.0,0.0,1.0,0.0,1.0,0.0,1.0,1.0,2.0,0.44425080558610264,10.81404744410719,10.586503208361862,215.44681339516163,f1d9d34c36be982a,69,2,8,16,999,998.1,0.444,0,0.0,0.0,0.0,True,42,80
0.2094,0.0,0.2191,0.0864,0.3656,0.3061,0.1312,0.3333,0.4612,2.0,0.0,1.0,1.0,0.0,0.0,2.0,1.0,2.0,0.4411814031240797,10.036371905575388,10.768720614457155,239.69924008530054,9fb96902ac7bcfbd,79,2,8,24,1083,1082.2,0.441,0,0.0,0.0,0.0,True,42,80
0.2026,0.0,0.2479,0.1177,0.284,0.2488,0.0062,1.0,0.4988,2.0,0.0,0.0,0.0,0.0,0.0,0.0,2.0,2.0,0.4255050594506137,10.84449487391932,22.53648518587361,236.89146884138984,8945de33ca808549,79,2,8,8,991,840.6,0.426,0,0.0,0.0,0.0,True,42,80
0.2075,0.0,0.2059,0.079,0.3442,0.3128,0.1556,1.0,0.3182,2.0,1.0,0.0,0.0,0.0,1.0,1.0,2.0,2.0,0.5007595962484512,11.107343608508579,10.77325927026085,236.09092031689826,0702314dcaec6165,71,2,8,16,1277,1018.9,0.501,0,0.0,0.0,0.0,True,42,80
0.1521,0.0,0.2006,0.1363,0.2961,0.2255,0.192,1.0,0.216,2.0,0.0,0.0,0.0,1.0,0.0,0.0,2.0,2.0,0.5433263327348556,10.033951519467225,10.008399206859146,268.216929721744,9a110ca701077945,80,2,8,8,1027,876.6,0.543,0,0.0,0.0,0.0,True,42,80
0.205,0.0,0.2029,0.0613,0.284,0.1934,0.5258,1.0,0.2043,2.0,0.0,0.0,0.0,0.0,0.0,0.0,2.0,2.0,0.5482071645654775,9.995822538823646,11.583545764580844,266.83583201213446,8f5045d5c79d0141,78,2,8,8,991,840.6,0.548,0,0.0,0.0,0.0,True,42,80
0.212,0.0,0.2023,0.0578,0.284,0.4912,0.1586,1.0,0.3143,2.0,0.0,0.0,0.0,0.0,0.0,0.0,1.0,2.0,0.5023921107479202,11.290376216691657,11.727419719065258,106.02783290934883,23efd0b84cabdb81,80,2,8,8,841,840.6,0.502,0,0.0,0.0,0.0,True,42,80
0.1763,0.0,0.2226,0.042,0.2961,0.5039,0.0495,1.0,0.5896,2.0,0.0,0.0,0.0,1.0,0.0,0.0,1.0,1.0,0.3876628707821584,14.359325066721954,22.326583038670115,117.89851259893203,64b141db60f63439,35,2,8,8,877,876.6,0.388,0,0.0,0.0,0.0,True,7,80
0.2325,0.1667,0.2416,0.0351,0.284,0.4199,0.0,1.0,0.5734,2.0,0.0,0.0,0.0,0.0,0.0,0.0,1.0,1.0,0.39441116666360015,14.359058133970857,22.3382255407978,144.48590722857625,c35748733694adbd,45,2,8,8,841,840.6,0.394,0,0.0,0.0,0.0,True,7,80
0.2661,0.0,0.2513,0.0139,0.3778,0.5492,0.0,0.6667,0.7424,2.0,0.0,1.0,1.0,1.0,0.0,2.0,1.0,1.0,0.32400412285037405,14.374084790998825,22.3069911112867,120.70112793313707,91b287ee09ecd7c6,64,2,8,24,1119,1118.2,0.324,0,0.0,0.0,0.0,True,7,80
0.2206,0.1667,0.2042,0.0521,0.284,0.4055,0.1164,1.0,0.5631,2.0,0.0,0.0,0.0,0.0,0.0,0.0,1.0,2.0,0.39868984857281325,14.335570271176282,22.318992962475264,152.29255646854017,0063fb522b8ac180,77,2,8,8,841,840.6,0.399,0,0.0,0.0,0.0,True,7,80
0.2151,0.0,0.2132,0.0411,0.4143,0.5188,0.0774,0.3333,0.772,2.0,1.0,1.0,1.0,1.0,0.0,3.0,2.0,1.0,0.311672525120198,14.359507350834507,22.33931934433014,147.36514712180147,86dbaebfe17c4161,78,2,8,32,1377,1226.2,0.312,0,0.0,0.0,0.0,True,7,80
0.223,0.0,0.2247,0.0454,0.4143,0.5203,0.0253,0.3333,0.6186,2.0,1.0,1.0,1.0,1.0,0.0,3.0,2.0,1.0,0.37560354697951653,14.35951255429663,22.33931934433014,146.56415406889613,d24b8c870519759e,79,2,8,32,1377,1226.2,0.376,0,0.0,0.0,0.0,True,7,80
0.2005,0.1667,0.2033,0.0733,0.3205,0.4545,0.12,1.0,0.8,2.0,1.0,0.0,0.0,0.0,0.0,1.0,2.0,1.0,0.3000194707617649,14.372990258659724,23.363218848311842,144.57778471689284,ddaef058a71dcd4c,79,2,8,16,1099,948.6,0.3,0,0.0,0.0,0.0,True,7,80
0.2095,0.0,0.2344,0.0633,0.3778,0.6002,0.0,0.6667,0.7751,2.0,0.0,1.0,1.0,1.0,0.0,2.0,1.0,1.0,0.31036131957797514,14.358917696981878,22.335534561504726,93.14119007041367,b6b3de9e5a1db267,75,2,8,24,1119,1118.2,0.31,0,0.0,0.0,0.0,True,7,80
0.2244,0.0,0.2254,0.0574,0.3778,0.5894,0.0257,0.6667,0.3647,2.0,0.0,1.0,1.0,1.0,0.0,2.0,2.0,1.0,0.48137450500585327,14.35933308711688,21.478250466396666,98.98357689809859,2e47333031f9c9b4,80,2,8,24,1269,1118.2,0.481,0,0.0,0.0,0.0,True,7,80
0.2454,0.0,0.2597,0.0633,0.3611,0.4988,0.0,0.6667,0.463,2.0,1.0,0.0,1.0,0.0,0.0,2.0,2.0,1.0,0.44040477344604917,14.358023302439765,22.329502211107627,135.657947777797,ed71b94b73152734,80,2,8,24,1219,1068.8,0.44,0,0.0,0.0,0.0,True,7,80
0.2768,0.0,0.251,0.0221,0.3372,0.5265,0.0,1.0,0.7867,2.0,0.0,1.0,0.0,1.0,0.0,1.0,1.0,1.0,0.30555915621607305,14.374084790998825,22.3070932405385,120.70112793313707,94693fe92715cb57,80,2,8,16,999,998.1,0.306,0,0.0,0.0,0.0,True,7,80
0.2144,0.0,0.1987,0.0447,0.3326,0.4721,0.1471,1.0,0.7875,2.0,1.0,0.0,0.0,1.0,0.0,1.0,2.0,2.0,0.30520790570236034,14.358893314822875,22.323400774663252,150.04511665984688,eb9903abb8a3d1a5,80,2,8,16,1243,984.6,0.305,0,0.0,0.0,0.0,True,7,80
0.2134,0.0,0.2247,0.0455,0.3778,0.5746,0.0253,0.6667,0.5573,2.0,0.0,1.0,1.0,1.0,0.0,2.0,2.0,1.0,0.4011360649190745,14.35951255429663,22.33931934433014,107.00266066536237,460c1858fe57e24b,80,2,8,24,1269,1118.2,0.401,0,0.0,0.0,0.0,True,7,80
0.1844,0.0,0.1625,0.0375,0.2961,0.5197,0.3109,1.0,0.4293,2.0,0.0,0.0,0.0,1.0,0.0,0.0,1.0,2.0,0.4544500763276257,14.35799580682016,22.328852254158633,109.37913941434687,3018d977bcbcd8e6,80,2,8,8,877,876.6,0.454,0,0.0,0.0,0.0,True,7,80
0.1895,0.1667,0.2174,0.0623,0.3611,0.4851,0.0528,0.6667,0.7137,2.0,1.0,0.0,1.0,0.0,0.0,2.0,2.0,1.0,0.33596134018068147,14.359338084907758,21.432086694259485,143.02951544949562,9fd801c61cb84e54,70,2,8,24,1219,1068.8,0.336,0,0.0,0.0,0.0,True,7,80
0.2624,0.0,0.2515,0.02,0.3372,0.4888,0.0,1.0,0.4817,2.0,0.0,1.0,0.0,1.0,0.0,1.0,1.0,1.0,0.43262371277689754,14.310498307081179,22.326316208793056,141.03494905429028,37e740de2c1c456c,79,2,8,16,999,998.1,0.433,0,0.0,0.0,0.0,True,7,80
0.2685,0.0,0.2529,0.0303,0.3656,0.5267,0.0,0.6667,0.44,2.0,0.0,1.0,1.0,0.0,0.0,2.0,1.0,1.0,0.45001258122820503,14.35977168070796,22.326316208793056,120.58717621615635,2af000ca957536d6,79,2,8,24,1083,1082.2,0.45,0,0.0,0.0,0.0,True,7,80
0.1808,0.0,0.1576,0.0829,0.2961,0.4571,0.3195,1.0,0.4609,2.0,0.0,0.0,0.0,1.0,0.0,0.0,2.0,2.0,0.44130480166293057,14.37274960901728,21.40963158301976,143.16388937474318,bc9f98743a720a7c,79,2,8,8,1027,876.6,0.441,0,0.0,0.0,0.0,True,7,80
0.1661,0.1667,0.1527,0.0802,0.284,0.4147,0.3565,1.0,0.5906,2.0,0.0,0.0,0.0,0.0,0.0,0.0,2.0,2.0,0.387264094366827,14.359238527627916,22.333301643640795,147.3183833845726,44cbdb06d620b5b7,76,2,8,8,991,840.6,0.387,0,0.0,0.0,0.0,True,7,80
0.1607,0.1667,0.1632,0.0361,0.284,0.4318,0.3094,1.0,0.6527,2.0,0.0,0.0,0.0,0.0,0.0,0.0,1.0,2.0,0.36136597239370727,14.3598762678759,21.403477016453603,138.08272163334223,c9f83d4b89bcdc2e,75,2,8,8,841,840.6,0.361,0,0.0,0.0,0.0,True,7,80
0.2048,0.0,0.1602,0.0226,0.2961,0.4473,0.3007,1.0,0.7565,2.0,0.0,0.0,0.0,1.0,0.0,0.0,1.0,2.0,0.3181207904509542,14.35765513102314,22.343500013257927,148.44435043802167,c40516ac0e4edabb,76,2,8,8,877,876.6,0.318,0,0.0,0.0,0.0,True,7,80
0.2297,0.0,0.2238,0.0548,0.284,0.5065,0.0294,1.0,0.4334,2.0,0.0,0.0,0.0,0.0,0.0,0.0,2.0,2.0,0.45274461649699427,14.359332453662367,21.404769124884368,97.74158670725436,1ee915e486695704,80,2,8,8,991,840.6,0.453,0,0.0,0.0,0.0,True,7,80
0.2439,0.0,0.2284,0.0522,0.2961,0.5412,0.014,1.0,0.6712,2.0,0.0,0.0,0.0,1.0,0.0,0.0,2.0,2.0,0.35365565514656633,14.311978771748603,22.326430142143863,97.73229873720986,f94573be4ea204d1,77,2,8,8,1027,876.6,0.354,0,0.0,0.0,0.0,True,7,80
0.1927,0.0,0.1862,0.06,0.325,0.4508,0.1869,1.0,0.4015,2.0,0.0,1.0,0.0,0.0,0.0,1.0,1.0,2.0,0.4660550975436992,14.359484753524438,21.37957251405982,146.56415406889613,cc3c30802eeaa92e,77,2,8,16,963,962.1,0.466,0,0.0,0.0,0.0,True,7,80
0.1531,0.1667,0.1821,0.091,0.284,0.4327,0.2625,1.0,0.5655,2.0,0.0,0.0,0.0,0.0,0.0,0.0,2.0,1.0,0.3976976611476736,14.360232362685379,22.384391523495893,137.577523225191,7e3ce26f5ffd8e5e,80,2,8,8,991,840.6,0.398,0,0.0,0.0,0.0,True,7,80
0.1706,0.1667,0.186,0.0828,0.284,0.4147,0.2094,1.0,0.5906,2.0,0.0,0.0,0.0,0.0,0.0,0.0,1.0,2.0,0.387264094366827,14.359238527627916,22.333301643640795,147.3183833845726,35e3551953fd8e5a,80,2,8,8,841,840.6,0.387,0,0.0,0.0,0.0,True,7,80
0.2609,0.0,0.2447,0.0171,0.3737,0.5526,0.0,0.6667,0.4214,2.0,1.0,1.0,0.0,1.0,0.0,2.0,1.0,1.0,0.4577446188572295,14.3588604214444,22.325953947692362,118.88650036508291,294e5e1dff5e698f,61,2,8,24,1107,1106.1,0.458,0,0.0,0.0,0.0,True,7,80
0.1861,0.0,0.2152,0.0627,0.3732,0.5918,0.0633,0.6667,0.7597,2.0,1.0,0.0,1.0,1.0,0.0,2.0,2.0,1.0,0.3167956060407402,14.359388861749267,21.417821452411104,97.70537630200353,7f26340b9421bef6,80,2,8,24,1255,1104.8,0.317,0,0.0,0.0,0.0,True,7,80
0.2064,0.0,0.2383,0.0801,0.2961,0.5455,0.0,1.0,0.7751,2.0,0.0,0.0,0.0,1.0,0.0,0.0,1.0,1.0,0.31036131957797514,14.358104401331325,22.335534561504726,95.45672100930369,413666de13b3aacc,80,2,8,8,877,876.6,0.31,0,0.0,0.0,0.0,True,7,80
0.1696,0.1667,0.1766,0.0737,0.284,0.429,0.2405,1.0,0.7991,2.0,0.0,0.0,0.0,0.0,0.0,0.0,2.0,2.0,0.30039048311945454,14.359332685604763,22.35065635730482,139.58840697609503,5a328d274bf52994,79,2,8,8,991,840.6,0.3,0,0.0,0.0,0.0,True,7,80
0.2223,0.1667,0.2221,0.0283,0.325,0.4685,0.0316,1.0,0.7012,2.0,0.0,1.0,0.0,0.0,0.0,1.0,1.0,1.0,0.341164999955188,14.370941352616901,22.32593287580891,137.02756413376028,f20ab5ba598f495a,78,2,8,16,963,962.1,0.341,0,0.0,0.0,0.0,True,7,80
0.224,0.0,0.2142,0.0476,0.325,0.4531,0.0858,1.0,0.406,2.0,0.0,1.0,0.0,0.0,0.0,1.0,1.0,1.0,0.4641497456152541,14.308343041755982,25.43221325362146,145.30530816101168,c4c035c9d50626c5,78,2,8,16,963,962.1,0.464,0,0.0,0.0,0.0,True,7,80
0.2519,0.1667,0.2226,0.0326,0.3656,0.4786,0.0262,0.6667,0.6186,2.0,0.0,1.0,1.0,0.0,0.0,2.0,1.0,1.0,0.37560354697951653,14.35951255429663,22.26499643855631,146.56415406889613,20afda8ce790614d,79,2,8,24,1083,1082.2,0.376,0,0.0,0.0,0.0,True,7,80
0.1626,0.0,0.1856,0.0913,0.2961,0.4516,0.2386,1.0,0.5173,2.0,0.0,0.0,0.0,1.0,0.0,0.0,1.0,1.0,0.4177857925935834,14.35812335338648,22.33281132517579,146.1405329348951,95eb17514829891f,78,2,8,8,877,876.6,0.418,0,0.0,0.0,0.0,True,7,80
0.1719,0.0,0.2055,0.071,0.3778,0.5931,0.1429,0.6667,0.542,2.0,0.0,1.0,1.0,1.0,0.0,2.0,1.0,1.0,0.40748341626076523,16.332539668587323,21.404447976910674,97.00890026369768,5ac2264a39663151,73,2,8,24,1119,1118.2,0.407,0,0.0,0.0,0.0,True,7,80
0.1885,0.1667,0.2171,0.061,0.3611,0.4851,0.0543,0.6667,0.7137,2.0,1.0,0.0,1.0,0.0,0.0,2.0,2.0,1.0,0.33596134018068147,14.359340279985823,25.52716554392066,143.02951544949562,bb351da2f7ffc44c,80,2,8,24,1219,1068.8,0.336,0,0.0,0.0,0.0,True,7,80
0.2175,0.0,0.2303,0.0347,0.3372,0.5572,0.0072,1.0,0.6757,2.0,0.0,1.0,0.0,1.0,0.0,1.0,1.0,2.0,0.3518056954615332,14.399671339371906,22.67581055855777,104.0949032882956,64bc472359376af8,79,2,8,16,999,998.1,0.352,0,0.0,0.0,0.0,True,7,80
0.2337,0.0,0.1922,0.0313,0.284,0.4226,0.1676,1.0,0.5409,2.0,0.0,0.0,0.0,0.0,0.0,0.0,1.0,2.0,0.40797449205514796,14.357962108670213,22.483859034243704,143.05314254171213,ffce44f01e509c11,80,2,8,8,841,840.6,0.408,0,0.0,0.0,0.0,True,7,80
0.1696,0.0,0.1735,0.0768,0.284,0.4801,0.2614,1.0,0.3838,2.0,0.0,0.0,0.0,0.0,0.0,0.0,2.0,2.0,0.47339604827632764,14.359332453662367,21.39599749223552,111.99475860485008,8b32df5acc2a55a4,78,2,8,8,991,840.6,0.473,0,0.0,0.0,0.0,True,7,80
0.2116,0.1667,0.2311,0.0687,0.325,0.5497,0.006,1.0,0.7682,2.0,0.0,1.0,0.0,0.0,0.0,1.0,1.0,1.0,0.3132666802972438,14.35890988080237,22.335534561504726,93.14119007041367,cb0eed91436f3c3c,80,2,8,16,963,962.1,0.313,0,0.0,0.0,0.0,True,7,80
0.2187,0.0,0.1961,0.0532,0.2961,0.4975,0.182,1.0,0.7789,2.0,0.0,0.0,0.0,1.0,0.0,0.0,2.0,2.0,0.30880489227447977,14.359510481215782,22.326209378194843,121.36304375965933,8183479c799b7212,78,2,8,8,1027,876.6,0.309,0,0.0,0.0,0.0,True,7,80
0.1827,0.1667,0.1677,0.0376,0.325,0.5213,0.2662,1.0,0.6493,2.0,0.0,1.0,0.0,0.0,0.0,1.0,1.0,1.0,0.3627870255661813,14.359838419130252,21.403477016453603,108.49631731493042,c399657c46b56c49,79,2,8,16,963,962.1,0.363,0,0.0,0.0,0.0,True,7,80
0.2372,0.0,0.221,0.0165,0.3778,0.5894,0.0334,0.6667,0.6825,2.0,0.0,1.0,1.0,1.0,0.0,2.0,1.0,1.0,0.34896639552851916,14.359123529142856,25.451503273389598,98.98357689809859,92663e0c43e2d7ca,75,2,8,24,1119,1118.2,0.349,0,0.0,0.0,0.0,True,7,80
0.2158,0.0,0.1841,0.0223,0.2961,0.5303,0.1947,1.0,0.4994,2.0,0.0,0.0,0.0,1.0,0.0,0.0,1.0,1.0,0.4252509290314868,14.359142639868182,25.35472450596361,103.6452606669791,395d7eb8ad330501,67,2,8,8,877,876.6,0.425,0,0.0,0.0,0.0,True,7,80
0.2484,0.1667,0.1944,0.0436,0.284,0.4096,0.1498,1.0,0.7875,2.0,0.0,0.0,0.0,0.0,0.0,0.0,2.0,2.0,0.30520790570236034,14.335609937748856,22.323400774663252,150.04511665984688,1dabe4966f41f981,80,2,8,8,991,840.6,0.305,0,0.0,0.0,0.0,True,7,80
0.1882,0.0,0.2189,0.026,0.3737,0.5751,0.0459,0.6667,0.5995,2.0,1.0,1.0,0.0,1.0,0.0,2.0,1.0,1.0,0.3835269913823145,14.35934282473763,21.375371868413694,106.69903392746247,fd66811b6773e364,80,2,8,24,1107,1106.1,0.384,0,0.0,0.0,0.0,True,7,80
0.1781,0.1667,0.1906,0.0854,0.284,0.5075,0.1901,1.0,0.6758,2.0,0.0,0.0,0.0,0.0,0.0,0.0,2.0,1.0,0.3517397864414643,14.308509611172807,22.326410191087653,97.22354712330355,752fd61cee17f4e7,73,2,8,8,991,840.6,0.352,0,0.0,0.0,0.0,True,7,80
0.1953,0.1667,0.1594,0.0585,0.284,0.4055,0.3138,1.0,0.5631,2.0,0.0,0.0,0.0,0.0,0.0,0.0,2.0,2.0,0.39868984857281325,14.340571671961632,21.98348643152367,152.29255646854017,917466b4f50902dd,80,2,8,8,991,840.6,0.399,0,0.0,0.0,0.0,True,7,80
0.1677,0.1667,0.1892,0.0917,0.284,0.4146,0.2019,1.0,0.6299,2.0,0.0,0.0,0.0,0.0,0.0,0.0,2.0,2.0,0.3708605971200726,14.35458940308992,21.99583846494301,147.3499470436206,4356997b29d7b37c,80,2,8,8,991,840.6,0.371,0,0.0,0.0,0.0,True,7,80
0.2181,0.0,0.2495,0.0419,0.3326,0.5541,0.0,1.0,0.5541,2.0,1.0,0.0,0.0,1.0,0.0,1.0,1.0,1.0,0.40244339433260057,14.37283238226754,22.3344925223522,105.7766073708238,5885ff758366a089,78,2,8,16,985,984.6,0.402,0,0.0,0.0,0.0,True,7,80
0.1673,0.0,0.1838,0.0859,0.2961,0.4516,0.2379,1.0,0.5091,2.0,0.0,0.0,0.0,1.0,0.0,0.0,2.0,1.0,0.42119067287695655,14.35812224065134,22.33281132517579,146.1405329348951,c68ed35dc435123f,79,2,8,8,1027,876.6,0.421,0,0.0,0.0,0.0,True,7,80
0.1597,0.0,0.1761,0.0677,0.2961,0.4673,0.2665,1.0,0.5417,2.0,0.0,0.0,0.0,1.0,0.0,0.0,1.0,1.0,0.40762735937914335,14.308343041755982,22.3324307714771,137.65267441203733,358fffc635ba9e0d,72,2,8,8,877,876.6,0.408,0,0.0,0.0,0.0,True,7,80
0.2235,0.0,0.226,0.0665,0.2961,0.4581,0.0149,1.0,0.7565,2.0,0.0,0.0,0.0,1.0,0.0,0.0,1.0,2.0,0.3181207904509542,14.359391565225215,22.343500013257927,142.65283280730935,688004d209992035,80,2,8,8,877,876.6,0.318,0,0.0,0.0,0.0,True,7,80
0.2369,0.0,0.2207,0.0187,0.3326,0.5667,0.0348,1.0,0.6825,2.0,1.0,0.0,0.0,1.0,0.0,1.0,1.0,2.0,0.34896639552851916,14.358909648556072,25.451503273389598,98.98357689809859,c6b4bbe71ff32dab,79,2,8,16,1093,984.6,0.349,0,0.0,0.0,0.0,True,7,80
0.1999,0.0,0.1999,0.0487,0.3611,0.5519,0.1404,0.6667,0.5392,2.0,1.0,0.0,1.0,0.0,0.0,2.0,1.0,2.0,0.40864870166886286,14.37534444594647,22.320922067960574,106.97256901269452,d52275f3f970d124,78,2,8,24,1177,1068.8,0.409,0,0.0,0.0,0.0,True,7,80
0.1882,0.1667,0.219,0.0443,0.3205,0.5246,0.0459,1.0,0.5993,2.0,1.0,0.0,0.0,0.0,0.0,1.0,1.0,1.0,0.3836232749100185,14.35934282473763,21.748627380324102,106.69903392746247,ef2950f49f769bbc,75,2,8,16,949,948.6,0.384,0,0.0,0.0,0.0,True,7,80
0.2406,0.0,0.2233,0.0191,0.3778,0.4949,0.0233,0.6667,0.7432,2.0,0.0,1.0,1.0,1.0,0.0,2.0,2.0,2.0,0.32366124308861804,14.35932357084748,22.3263156317026,150.04511665984688,3a977af7fee06d47,80,2,8,24,1269,1118.2,0.324,0,0.0,0.0,0.0,True,7,80
0.1905,0.1667,0.1802,0.0301,0.284,0.4055,0.2239,1.0,0.6972,2.0,0.0,0.0,0.0,0.0,0.0,0.0,1.0,2.0,0.3428471175465819,14.370932319543947,23.07481962718255,152.29255646854017,5b760e9b8344f258,78,2,8,8,841,840.6,0.343,0,0.0,0.0,0.0,True,7,80
0.1821,0.0,0.2043,0.0687,0.3778,0.5735,0.1329,0.6667,0.5565,2.0,0.0,1.0,1.0,1.0,0.0,2.0,2.0,2.0,0.4014405752350968,13.896084614289444,22.320922067960574,107.5690864711972,21587c535be99149,76,2,8,24,1269,1118.2,0.401,0,0.0,0.0,0.0,True,7,80
0.2247,0.1667,0.1993,0.0503,0.284,0.4337,0.1315,1.0,0.5625,2.0,0.0,0.0,0.0,0.0,0.0,0.0,1.0,2.0,0.39896362318515144,14.335286582994069,21.402303441349876,137.02756413376028,a986c8962483f4dd,79,2,8,8,841,840.6,0.399,0,0.0,0.0,0.0,True,7,80
0.2358,0.0,0.2128,0.0213,0.3778,0.5492,0.072,0.6667,0.7482,2.0,0.0,1.0,1.0,1.0,0.0,2.0,1.0,1.0,0.3215763806857377,14.374084790998825,22.308576642779776,120.70112793313707,757ab1149fda781c,78,2,8,24,1119,1118.2,0.322,0,0.0,0.0,0.0,True,7,80
0.2347,0.0,0.208,0.0628,0.284,0.4363,0.0989,1.0,0.462,2.0,0.0,0.0,0.0,0.0,0.0,0.0,2.0,1.0,0.4408363647330614,14.35799580682016,22.328187290232215,135.64839186882136,046eaec6ad65dda6,80,2,8,8,991,840.6,0.441,0,0.0,0.0,0.0,True,7,80
0.1735,0.1667,0.182,0.0859,0.284,0.5075,0.2272,1.0,0.6758,2.0,0.0,0.0,0.0,0.0,0.0,0.0,2.0,1.0,0.3517397864414643,14.374429022132015,22.326410191087653,97.22354712330355,2ae02e02943f520d,80,2,8,8,991,840.6,0.352,0,0.0,0.0,0.0,True,7,80
0.2458,0.0,0.2514,0.0193,0.3737,0.4995,0.0,0.6667,0.4192,2.0,1.0,1.0,0.0,1.0,0.0,2.0,2.0,2.0,0.45866327591618267,14.3588604214444,22.325953947692362,147.55812006002472,7cda0a9da7a880f1,73,2,8,24,1365,1106.1,0.459,0,0.0,0.0,0.0,True,7,80
0.2265,0.0,0.2098,0.0106,0.2961,0.3362,0.3258,1.0,0.5464,2.0,0.0,0.0,0.0,1.0,0.0,0.0,1.0,1.0,0.4056866832110539,9.776432019228306,16.420767042628665,208.4340138022975,f2c0abc3bbd164d0,76,2,8,8,877,876.6,0.406,0,0.0,0.0,0.0,True,123,80
0.1856,0.0,0.1913,0.0187,0.284,0.1997,0.5853,1.0,0.5089,2.0,0.0,0.0,0.0,0.0,0.0,0.0,1.0,1.0,0.4213109772856097,12.838896019243496,20.44414505680318,263.42787797004775,50c295aa72f29e40,78,2,8,8,841,840.6,0.421,0,0.0,0.0,0.0,True,123,80
0.1776,0.0,0.1522,0.0598,0.3778,0.3985,0.637,0.3333,0.5965,2.0,0.0,1.0,1.0,1.0,0.0,2.0,2.0,1.0,0.3848075103078812,9.754262288680739,17.141341627008384,202.0742414354139,731e554501a0779e,74,2,8,24,1269,1118.2,0.385,0,0.0,0.0,0.0,True,123,80
0.1653,0.0,0.231,0.0132,0.3656,0.5218,0.8003,0.3333,0.5392,2.0,0.0,1.0,1.0,0.0,0.0,2.0,2.0,2.0,0.4086664095983624,9.707029812914652,26.165816535180202,123.20492132873343,99e3dbc98b0ec57c,72,2,8,24,1233,1082.2,0.409,0,0.0,0.0,0.0,True,123,80
0.1837,0.0,0.1079,0.0551,0.3205,0.391,0.6226,0.6667,0.5127,2.0,1.0,0.0,0.0,0.0,0.0,1.0,2.0,1.0,0.4196921665703674,12.830368142400072,16.596794016354313,178.86927822193485,710efb8833de8d1a,80,2,8,16,1099,948.6,0.42,0,0.0,0.0,0.0,True,123,80
0.1537,0.0,0.2123,0.0067,0.284,0.2804,0.7852,1.0,0.5387,2.0,0.0,0.0,0.0,0.0,0.0,0.0,2.0,1.0,0.40885587824837427,13.058314874685912,16.557432843129035,219.82487642748308,0b77aaf6c2a60265,80,2,8,8,991,840.6,0.409,0,0.0,0.0,0.0,True,123,80
0.2289,0.1667,0.1304,0.0257,0.284,0.2346,0.7197,1.0,0.6654,2.0,0.0,0.0,0.0,0.0,0.0,0.0,1.0,2.0,0.35609845704161014,13.081896567920879,17.018922272460514,244.5739044010739,a4ea82e51884153b,80,2,8,8,841,840.6,0.356,0,0.0,0.0,0.0,True,123,80
0.2198,0.0,0.1611,0.0244,0.2961,0.2927,0.4897,1.0,0.5789,2.0,0.0,0.0,0.0,1.0,0.0,0.0,1.0,1.0,0.39214413740734505,9.77857692799925,16.478295832047074,231.93644690851343,2bf86e2b993a022b,80,2,8,8,877,876.6,0.392,0,0.0,0.0,0.0,True,123,80
0.2052,0.1667,0.1547,0.0277,0.3615,0.4081,0.6395,0.3333,0.6404,2.0,1.0,1.0,0.0,0.0,0.0,2.0,2.0,1.0,0.3664875985993234,10.477815071909088,26.119982526261424,184.62783906507167,9d72a5585b3b071a,80,2,8,24,1221,1070.1,0.366,0,0.0,0.0,0.0,True,123,80
0.2268,0.0,0.2106,0.0433,0.3326,0.361,0.3427,0.6667,0.3386,2.0,1.0,0.0,0.0,1.0,0.0,1.0,2.0,1.0,0.4922494971513611,12.669021261360584,16.420767042628665,210.06534907628208,066dbb005f47e01c,80,2,8,16,1135,984.6,0.492,0,0.0,0.0,0.0,True,123,80
0.2198,0.1667,0.1561,0.0841,0.3205,0.3402,0.3827,0.6667,0.6045,2.0,1.0,0.0,0.0,0.0,0.0,1.0,2.0,1.0,0.3814645398120615,12.838154704984735,17.406505630611765,206.27902010880044,c2cbc19a391b2f42,75,2,8,16,1099,948.6,0.381,0,0.0,0.0,0.0,True,123,80
0.1773,0.0,0.2492,0.0083,0.3611,0.3655,0.765,0.3333,0.5461,2.0,1.0,0.0,1.0,0.0,0.0,2.0,1.0,1.0,0.405779301926609,13.042167446390348,16.744767312973984,207.61471118897788,d92b30b24953c59d,76,2,8,24,1069,1068.8,0.406,0,0.0,0.0,0.0,True,123,80
0.1914,0.0,0.1869,0.0376,0.284,0.2898,0.446,1.0,0.443,2.0,0.0,0.0,0.0,0.0,0.0,0.0,1.0,1.0,0.44873935792438924,10.541966916262165,16.593536278480904,214.76984479355724,80db071dd31fa61a,75,2,8,8,841,840.6,0.449,0,0.0,0.0,0.0,True,123,80
0.256,0.0,0.2237,0.0407,0.3367,0.3638,0.3768,0.6667,0.3464,2.0,0.0,0.0,1.0,1.0,0.0,1.0,2.0,1.0,0.4889924318298941,12.740766350867085,16.540391076827337,208.56300945622047,54c5b4da16cba6ab,77,2,8,16,1147,996.8,0.489,0,0.0,0.0,0.0,True,123,80
0.1993,0.0,0.1517,0.0876,0.3326,0.3757,0.5881,0.6667,0.466,2.0,1.0,0.0,0.0,1.0,0.0,1.0,2.0,1.0,0.4391761778815414,12.647016901738633,16.667352606946448,202.1069437989878,a60fab1978305379,77,2,8,16,1135,984.6,0.439,0,0.0,0.0,0.0,True,123,80
0.1538,0.0,0.2404,0.0067,0.284,0.275,0.7852,1.0,0.4896,2.0,0.0,0.0,0.0,0.0,0.0,0.0,1.0,1.0,0.42933689783014944,13.058314874685912,16.557432843129035,222.7746728509397,0b41b9effc73c4d2,76,2,8,8,841,840.6,0.429,0,0.0,0.0,0.0,True,123,80
0.1945,0.0,0.1187,0.0483,0.3326,0.4181,0.5116,0.6667,0.514,2.0,1.0,0.0,0.0,1.0,0.0,1.0,1.0,1.0,0.419164120409941,12.75972611377135,16.96519473262239,179.24080422662595,7266d3f002ce9676,80,2,8,16,985,984.6,0.419,0,0.0,0.0,0.0,True,123,80
0.197,0.0,0.1228,0.1004,0.3326,0.368,0.5078,0.6667,0.6104,2.0,1.0,0.0,0.0,1.0,0.0,1.0,1.0,1.0,0.37898436393956886,12.75972611377135,16.978583981636188,206.27902010880044,f9d0ba0b6e06a20e,78,2,8,16,985,984.6,0.379,0,0.0,0.0,0.0,True,123,80
0.1577,0.0,0.2686,0.0083,0.284,0.3166,0.7761,1.0,0.4896,2.0,0.0,0.0,0.0,0.0,0.0,0.0,1.0,1.0,0.42933689783014944,12.644777373563546,16.6006248541765,200.289570770891,f11975f9d13df4ca,62,2,8,8,841,840.6,0.429,0,0.0,0.0,0.0,True,123,80
0.1901,0.0,0.1975,0.0097,0.3326,0.3205,0.5153,0.6667,0.5136,2.0,1.0,0.0,0.0,1.0,0.0,1.0,2.0,1.0,0.4193239240635289,12.717165502457824,16.631672619781604,231.93644690851343,7d4b2db718a132c1,78,2,8,16,1135,984.6,0.419,0,0.0,0.0,0.0,True,123,80
0.2373,0.0,0.1832,0.0355,0.284,0.2796,0.5439,1.0,0.3043,2.0,0.0,0.0,0.0,0.0,0.0,0.0,1.0,1.0,0.5065570401255527,12.648207384282095,26.729513264559174,220.278294902076,7bac1ea921de7292,78,2,8,8,841,840.6,0.507,0,0.0,0.0,0.0,True,123,80
0.2078,0.0,0.1714,0.0564,0.3326,0.3687,0.5699,0.6667,0.2906,2.0,1.0,0.0,0.0,1.0,0.0,1.0,2.0,1.0,0.5122538852980717,9.53460207167331,16.6492367858509,205.88787911710622,cf504e6c2e4dce83,69,2,8,16,1135,984.6,0.512,0,0.0,0.0,0.0,True,123,80
0.2362,0.0,0.1696,0.0111,0.3326,0.3815,0.6485,0.6667,0.229,2.0,1.0,0.0,0.0,1.0,0.0,1.0,2.0,1.0,0.537935078872849,12.726425238702179,16.652635550771603,198.99710900115178,6ea904843410f346,80,2,8,16,1135,984.6,0.538,0,0.0,0.0,0.0,True,123,80
0.2173,0.0,0.1932,0.0664,0.284,0.4391,0.3941,1.0,0.4567,2.0,0.0,0.0,0.0,0.0,0.0,0.0,1.0,1.0,0.4430396314371554,9.540980830906731,16.7193135139837,134.1223799199698,39493048b9bf83b5,80,2,8,8,841,840.6,0.443,0,0.0,0.0,0.0,True,123,80
0.1772,0.0,0.1502,0.0755,0.2961,0.348,0.6457,1.0,0.4746,2.0,0.0,0.0,0.0,1.0,0.0,0.0,2.0,1.0,0.4356034283547497,12.693535587405107,19.56073518724099,202.10693968324048,ccddf247b652f518,78,2,8,8,1027,876.6,0.436,0,0.0,0.0,0.0,True,123,80
0.2057,0.0,0.1875,0.0146,0.2961,0.2991,0.4082,1.0,0.36,2.0,0.0,0.0,0.0,1.0,0.0,0.0,1.0,1.0,0.4833248816716366,12.652240537421815,26.52724999968898,228.47026013754208,fd1ade72c743a5e3,76,2,8,8,877,876.6,0.483,0,0.0,0.0,0.0,True,123,80
0.1959,0.0,0.1681,0.1035,0.2961,0.3604,0.4824,1.0,0.7039,2.0,0.0,0.0,0.0,1.0,0.0,0.0,1.0,1.0,0.34003236665052566,12.762775460650216,16.729940927414138,195.38626129162157,2f117e034f5113ce,75,2,8,8,877,876.6,0.34,0,0.0,0.0,0.0,True,123,80
0.2273,0.0,0.2231,0.0906,0.325,0.3384,0.3377,1.0,0.2424,2.0,0.0,1.0,0.0,0.0,0.0,1.0,1.0,1.0,0.5323174963837787,12.838304152592038,18.412643517904826,207.28055816274673,ceec6edd75f3d3a3,79,2,8,16,963,962.1,0.532,0,0.0,0.0,0.0,True,123,80
0.2258,0.0,0.2088,0.0184,0.284,0.1997,0.6065,1.0,0.5089,2.0,0.0,0.0,0.0,0.0,0.0,0.0,1.0,1.0,0.4213109772856097,9.547291474094237,20.37984072784367,263.39564399118274,5b82d510fd64d809,77,2,8,8,841,840.6,0.421,0,0.0,0.0,0.0,True,123,80
0.1653,0.0,0.231,0.0132,0.3656,0.5218,0.8003,0.3333,0.5392,2.0,0.0,1.0,1.0,0.0,0.0,2.0,1.0,2.0,0.4086664095983624,8.780685622416343,26.165816535180202,123.20492132873343,0c4f00e368972f87,71,2,8,24,1083,1082.2,0.409,0,0.0,0.0,0.0,True,123,80
0.2118,0.0,0.1861,0.0228,0.284,0.239,0.496,1.0,0.5048,2.0,0.0,0.0,0.0,0.0,0.0,0.0,1.0,1.0,0.4229879919544212,9.557822589291785,17.077161885739322,242.21411949740298,0969982c52b3c487,71,2,8,8,841,840.6,0.423,0,0.0,0.0,0.0,True,123,80
0.1944,0.0,0.129,0.0526,0.3205,0.3476,0.5307,0.6667,0.5135,2.0,1.0,0.0,0.0,0.0,0.0,1.0,2.0,1.0,0.4193597854575247,9.670447259416859,16.608736681496875,202.28632332634317,a46329dd7d4d0deb,70,2,8,16,1099,948.6,0.419,0,0.0,0.0,0.0,True,123,80
0.1854,0.0,0.2039,0.0237,0.325,0.3304,0.5756,0.6667,0.3146,2.0,0.0,1.0,0.0,0.0,0.0,1.0,1.0,1.0,0.5022577512219336,8.907705194705358,16.632702809601664,211.59131718696884,c9e270a128626ea2,79,2,8,16,963,962.1,0.502,0,0.0,0.0,0.0,True,123,80
0.2527,0.1667,0.1777,0.0253,0.284,0.2439,0.4843,1.0,0.5789,2.0,0.0,0.0,0.0,0.0,0.0,0.0,1.0,1.0,0.39214413740734505,8.872039241150063,26.055369176474613,239.53016139646684,a02c39b293e85f3b,80,2,8,8,841,840.6,0.392,0,0.0,0.0,0.0,True,123,80
0.1908,0.0,0.1792,0.0644,0.284,0.2818,0.5446,1.0,0.321,2.0,0.0,0.0,0.0,0.0,0.0,0.0,1.0,1.0,0.49958946668219784,12.959530676813767,26.630159722174696,219.0983739668069,12b23d7ff70893fb,79,2,8,8,841,840.6,0.5,0,0.0,0.0,0.0,True,123,80
0.1849,0.1667,0.1359,0.0979,0.3205,0.3409,0.5275,0.6667,0.6102,2.0,1.0,0.0,0.0,0.0,0.0,1.0,1.0,1.0,0.3791019621254117,9.676359390859469,15.512997077315969,205.90231676435084,f34ef842d5e76de6,80,2,8,16,949,948.6,0.379,0,0.0,0.0,0.0,True,123,80
0.1683,0.1667,0.1492,0.017,0.284,0.2646,0.6811,1.0,0.6022,2.0,0.0,0.0,0.0,0.0,0.0,0.0,1.0,1.0,0.3824240102721434,10.212874105812176,26.19030399535824,228.3730499459341,9e47ffee01b041d3,67,2,8,8,841,840.6,0.382,0,0.0,0.0,0.0,True,123,80
0.1857,0.0,0.139,0.0352,0.284,0.3114,0.6875,1.0,0.4782,2.0,0.0,0.0,0.0,0.0,0.0,0.0,1.0,1.0,0.4340859902318754,10.482463602637319,16.500199992222505,203.10080132397394,b7c3b67d8f09d651,80,2,8,8,841,840.6,0.434,0,0.0,0.0,0.0,True,123,80
0.1962,0.0,0.1564,0.0837,0.3205,0.3331,0.4734,0.6667,0.3063,2.0,1.0,0.0,0.0,0.0,0.0,1.0,1.0,1.0,0.5056999046427217,9.645469340539819,16.712804218763182,210.1443877668801,fc7751cfcbec56bd,77,2,8,16,949,948.6,0.506,0,0.0,0.0,0.0,True,123,80
0.2094,0.0,0.1402,0.0911,0.3326,0.368,0.4997,0.6667,0.6104,2.0,1.0,0.0,0.0,1.0,0.0,1.0,1.0,1.0,0.37898436393956886,12.811845824593302,17.101387549601984,206.27902010880044,cfcaf544b105477b,76,2,8,16,985,984.6,0.379,0,0.0,0.0,0.0,True,123,80
0.1828,0.0,0.1641,0.0981,0.284,0.2541,0.5244,1.0,0.5137,2.0,0.0,0.0,0.0,0.0,0.0,0.0,1.0,1.0,0.4192817185957838,9.676359390859469,15.456151181146307,234.0626879686328,90affb53993b9aec,77,2,8,8,841,840.6,0.419,0,0.0,0.0,0.0,True,123,80
0.1828,0.0,0.1322,0.0972,0.3205,0.3908,0.5302,0.6667,0.5137,2.0,1.0,0.0,0.0,0.0,0.0,1.0,1.0,1.0,0.4192817185957838,9.676359390859469,15.456151181146307,178.99170993280606,3728b5b158b7b31f,74,2,8,16,949,948.6,0.419,0,0.0,0.0,0.0,True,123,80
0.2283,0.0,0.2152,0.0166,0.2961,0.5436,0.3657,1.0,0.2465,2.0,0.0,0.0,0.0,1.0,0.0,0.0,1.0,1.0,0.5306187741377488,12.990575850431497,18.50863978981466,96.45045507818145,93ab026f10fa7b32,76,2,8,8,877,876.6,0.531,0,0.0,0.0,0.0,True,123,80
0.2161,0.0,0.1903,0.0141,0.3246,0.2362,0.407,0.6667,0.3545,2.0,0.0,0.0,1.0,0.0,0.0,1.0,1.0,1.0,0.4856268494236919,12.652240537421815,20.539574691095062,262.47048361576674,89f9914e712fc087,80,2,8,16,961,960.8,0.486,0,0.0,0.0,0.0,True,123,80
0.2147,0.0,0.1801,0.0683,0.3205,0.3204,0.3721,0.6667,0.4918,2.0,1.0,0.0,0.0,0.0,0.0,1.0,2.0,1.0,0.42843619211978595,12.215884624235239,17.563467307836294,217.00854422639682,8ebe6cf429a16949,64,2,8,16,1099,948.6,0.428,0,0.0,0.0,0.0,True,123,80
0.1905,0.0,0.1779,0.0263,0.325,0.3332,0.5687,0.6667,0.3289,2.0,0.0,1.0,0.0,0.0,0.0,1.0,1.0,1.0,0.4963059126567244,12.653666858210261,17.179438830952698,210.06534907628208,868407d161a6c512,80,2,8,16,963,962.1,0.496,0,0.0,0.0,0.0,True,123,80
0.2165,0.0,0.1882,0.0152,0.284,0.2648,0.3534,1.0,0.5464,2.0,0.0,0.0,0.0,0.0,0.0,0.0,1.0,1.0,0.4056866832110539,9.776505329397219,16.420767042628665,228.24537129129837,9b1041de6a44d5e4,78,2,8,8,841,840.6,0.406,0,0.0,0.0,0.0,True,123,80
0.2215,0.0,0.199,0.0477,0.3372,0.361,0.372,0.6667,0.324,2.0,0.0,1.0,0.0,1.0,0.0,1.0,1.0,1.0,0.49834115569625415,12.653666858210261,16.420767042628665,210.06534907628208,91ff3eea3c303c7e,80,2,8,16,999,998.1,0.498,0,0.0,0.0,0.0,True,123,80
0.2412,0.0,0.1937,0.002,0.284,0.1875,0.6735,1.0,0.3747,2.0,0.0,0.0,0.0,0.0,0.0,0.0,2.0,1.0,0.47719424333258725,18.17743864380483,14.257105430847714,269.9982509443148,1d4318c8db4a61ab,43,2,8,8,991,840.6,0.477,0,0.0,0.0,0.0,True,2024,80
0.2672,0.0,0.2111,0.0019,0.3615,0.5389,0.6064,0.3333,0.201,2.0,1.0,1.0,0.0,0.0,0.0,2.0,2.0,2.0,0.5495684827004871,18.566728434917103,16.000441468596954,113.99585356184674,f3e3737e08424bce,66,2,8,24,1329,1070.1,0.55,0,0.0,0.0,0.0,True,2024,80
0.1444,0.0,0.157,0.0026,0.2961,0.5397,0.6374,1.0,0.4583,2.0,0.0,0.0,0.0,1.0,0.0,0.0,2.0,1.0,0.4423917596738756,18.517821234246313,14.247656128273553,98.57254788441409,6cbba73cdce39aad,71,2,8,8,1027,876.6,0.442,0,0.0,0.0,0.0,True,2024,80
0.1838,0.0,0.1338,0.0022,0.284,0.5168,0.6881,1.0,0.3336,2.0,0.0,0.0,0.0,0.0,0.0,0.0,1.0,2.0,0.49434974883764254,18.8222405202751,14.17834803280877,92.19413920576686,e938f02d25631ff0,74,2,8,8,841,840.6,0.494,0,0.0,0.0,0.0,True,2024,80
0.2157,0.0,0.2072,0.0036,0.284,0.3518,0.3334,1.0,0.2801,2.0,0.0,0.0,0.0,0.0,0.0,0.0,2.0,1.0,0.5166335972223967,18.507130442943314,14.217570217815219,181.29929709126242,c3214dd5019ad0ff,75,2,8,8,991,840.6,0.517,0,0.0,0.0,0.0,True,2024,80
0.3039,0.0,0.2404,0.0017,0.325,0.5091,0.6386,0.6667,0.356,2.0,0.0,1.0,0.0,0.0,0.0,1.0,2.0,2.0,0.4849931925692158,18.50585911745975,14.213004425076345,115.0601651141904,debe506eedf854fd,56,2,8,16,1113,962.1,0.485,0,0.0,0.0,0.0,True,2024,80
0.2602,0.0,0.1662,0.0024,0.3326,0.253,0.7914,1.0,0.2829,2.0,1.0,0.0,0.0,1.0,0.0,1.0,2.0,1.0,0.5154772027531793,17.643011301987755,14.270350252694353,268.36762368056503,89c26b00694520c3,79,2,8,16,1135,984.6,0.515,0,0.0,0.0,0.0,True,2024,80
0.1823,0.0,0.1459,0.0018,0.3737,0.6057,0.7258,0.3333,0.2036,2.0,1.0,1.0,0.0,1.0,0.0,2.0,2.0,1.0,0.548514130175069,18.869992006713403,16.007210834980846,90.19436618999873,33aef3ed873570fd,78,2,8,24,1257,1106.1,0.549,0,0.0,0.0,0.0,True,2024,80
0.251,0.0,0.2009,0.0024,0.3737,0.4372,0.5498,0.3333,0.2004,2.0,1.0,1.0,0.0,1.0,0.0,2.0,2.0,1.0,0.5498317182871326,19.611589549763874,15.852242460912812,181.1885093774629,9cce2563333b5e30,80,2,8,24,1257,1106.1,0.55,0,0.0,0.0,0.0,True,2024,80
0.2745,0.0,0.2547,0.0012,0.3372,0.2546,0.6743,0.6667,0.2054,2.0,0.0,1.0,0.0,1.0,0.0,1.0,1.0,1.0,0.5477646637906595,18.335054639929744,15.772353739627572,267.4964069488076,0df99c88f1f3e2a1,80,2,8,16,999,998.1,0.548,0,0.0,0.0,0.0,True,2024,80
0.2086,0.0,0.1739,0.0133,0.284,0.3508,0.4902,1.0,0.2665,2.0,0.0,0.0,0.0,0.0,0.0,0.0,2.0,1.0,0.5223067797695932,18.532892182315607,15.92987407051894,181.7976900556509,899b49fe90d15b98,80,2,8,8,991,840.6,0.522,0,0.0,0.0,0.0,True,2024,80
0.2945,0.0,0.2546,0.001,0.3372,0.5756,0.7167,0.6667,0.2036,2.0,0.0,1.0,0.0,1.0,0.0,1.0,1.0,1.0,0.548514130175069,18.864140061060258,16.012422508868205,94.15760034442755,e2ed89d4e0eb9cea,80,2,8,16,999,998.1,0.549,0,0.0,0.0,0.0,True,2024,80
0.2896,0.0,0.2155,0.0025,0.3737,0.2858,0.5163,0.3333,0.3541,2.0,1.0,1.0,0.0,1.0,0.0,2.0,2.0,1.0,0.48577821620527417,18.52583749491897,13.883695282783313,262.9250529346156,2c0c6321365b2ead,80,2,8,24,1257,1106.1,0.486,0,0.0,0.0,0.0,True,2024,80
0.2374,0.0,0.1966,0.0082,0.284,0.2063,0.4654,1.0,0.283,2.0,0.0,0.0,0.0,0.0,0.0,0.0,2.0,1.0,0.5153976599148087,17.673079120677468,14.298428411665169,259.82144614339177,e0ab51e773d10bc2,80,2,8,8,991,840.6,0.515,0,0.0,0.0,0.0,True,2024,80
0.2058,0.0,0.1589,0.0035,0.3372,0.4055,0.5861,0.6667,0.2246,2.0,0.0,1.0,0.0,1.0,0.0,1.0,2.0,1.0,0.5397422401400159,18.618300377428124,14.226460793615056,186.00694908865844,f0be3a7275927e1e,80,2,8,16,1149,998.1,0.54,0,0.0,0.0,0.0,True,2024,80
0.2361,0.0,0.1857,0.0017,0.3615,0.58,0.6403,0.3333,0.356,2.0,1.0,1.0,0.0,0.0,0.0,2.0,2.0,2.0,0.4849931925692158,19.087530099953618,14.234409089612678,91.7897924085772,2c275da2d97bf4d9,80,2,8,24,1329,1070.1,0.485,0,0.0,0.0,0.0,True,2024,80
0.1467,0.0,0.1424,0.0026,0.2961,0.5406,0.7205,1.0,0.4583,2.0,0.0,0.0,0.0,1.0,0.0,0.0,2.0,1.0,0.4423917596738756,18.517821234246313,14.247656128273553,98.09731644544311,64a6582d81f76456,80,2,8,8,1027,876.6,0.442,0,0.0,0.0,0.0,True,2024,80
0.2128,0.0,0.163,0.002,0.3737,0.6057,0.6621,0.3333,0.2036,2.0,1.0,1.0,0.0,1.0,0.0,2.0,1.0,2.0,0.548514130175069,18.021338091929064,16.05788595870618,90.19436618999873,1e328ecde143b3fc,79,2,8,24,1215,1106.1,0.549,0,0.0,0.0,0.0,True,2024,80
0.2725,0.0,0.231,0.0018,0.284,0.3531,0.6622,1.0,0.4017,2.0,0.0,0.0,0.0,0.0,0.0,0.0,2.0,2.0,0.4659442248693871,18.349598180804207,15.85354791149147,180.5808156520546,a42c8c51b0fc163d,78,2,8,8,991,840.6,0.466,0,0.0,0.0,0.0,True,2024,80
0.2243,0.0,0.2039,0.0047,0.325,0.2282,0.3972,0.6667,0.4767,2.0,0.0,1.0,0.0,0.0,0.0,1.0,2.0,1.0,0.43472770454120674,18.556790936022686,15.809414659454617,266.7615869890379,eedb4421cd27d3db,75,2,8,16,1113,962.1,0.435,0,0.0,0.0,0.0,True,2024,80
0.2288,0.0,0.1889,0.0072,0.2961,0.3861,0.5714,1.0,0.2801,2.0,0.0,0.0,0.0,1.0,0.0,0.0,2.0,1.0,0.5166335972223967,18.507130442943314,14.221556618332096,181.53252077776344,043f3f87f5dbec0d,79,2,8,8,1027,876.6,0.517,0,0.0,0.0,0.0,True,2024,80
0.2152,0.0,0.2072,0.0036,0.3372,0.5735,0.3334,0.6667,0.4092,2.0,0.0,1.0,0.0,1.0,0.0,1.0,2.0,1.0,0.46283531912617293,17.591104361156088,14.236729057741492,95.29933733290525,c77157fdbfa86df6,80,2,8,16,1149,998.1,0.463,0,0.0,0.0,0.0,True,2024,80
0.2013,0.0,0.1739,0.0111,0.3615,0.2677,0.4903,0.3333,0.4438,2.0,1.0,1.0,0.0,0.0,0.0,2.0,1.0,1.0,0.4484048063962493,18.343156127719983,15.93242778882497,260.4499059524365,788b1cd9dd5987cc,79,2,8,24,1071,1070.1,0.448,0,0.0,0.0,0.0,True,2024,80
0.2457,0.0,0.2224,0.0023,0.3326,0.4883,0.3696,0.6667,0.4083,2.0,1.0,0.0,0.0,1.0,0.0,1.0,2.0,1.0,0.4632022525598366,18.507229858305607,14.237001549962391,141.33407569801219,8380b3980c370bd2,80,2,8,16,1135,984.6,0.463,0,0.0,0.0,0.0,True,2024,80
0.2099,0.0,0.1749,0.0128,0.284,0.3499,0.4891,1.0,0.2826,2.0,0.0,0.0,0.0,0.0,0.0,0.0,2.0,1.0,0.5155691529169347,17.676598056850942,15.92987407051894,182.3175545756394,1638d72535865f99,79,2,8,8,991,840.6,0.516,0,0.0,0.0,0.0,True,2024,80
0.2341,0.0,0.1974,0.0103,0.325,0.4655,0.4577,0.6667,0.2819,2.0,0.0,1.0,0.0,0.0,0.0,1.0,2.0,1.0,0.5158632574576456,18.015457743808728,12.066860900323727,138.6483121155764,dd28a5cb741c3ca6,80,2,8,16,1113,962.1,0.516,0,0.0,0.0,0.0,True,2024,80
0.2253,0.0,0.2024,0.0037,0.3205,0.2329,0.4185,0.6667,0.4391,2.0,1.0,0.0,0.0,0.0,0.0,1.0,1.0,1.0,0.4503642877158716,18.33818147099925,15.809414659454617,264.2158915174818,84c78c02f06a8da6,78,2,8,16,949,948.6,0.45,0,0.0,0.0,0.0,True,2024,80
0.2486,0.0,0.187,0.0038,0.284,0.2121,0.5395,1.0,0.4911,2.0,0.0,0.0,0.0,0.0,0.0,0.0,2.0,1.0,0.428696036146299,18.405606165907216,14.278363305886936,256.7192172215802,700477228e209127,80,2,8,8,991,840.6,0.429,0,0.0,0.0,0.0,True,2024,80
0.2218,0.0,0.1974,0.0041,0.284,0.2161,0.4328,1.0,0.3656,2.0,0.0,0.0,0.0,0.0,0.0,0.0,2.0,1.0,0.4810050315056338,18.337441983857893,14.926417399855717,254.54983428146443,721fb88ee4e76158,59,2,8,8,991,840.6,0.481,0,0.0,0.0,0.0,True,2024,80
0.241,0.0,0.2175,0.002,0.325,0.5112,0.5522,0.6667,0.2084,2.0,0.0,1.0,0.0,0.0,0.0,1.0,2.0,1.0,0.5464833242933351,18.337441983857893,14.926417399855717,113.93738781849537,0cd8f69027d25cf4,80,2,8,16,1113,962.1,0.546,0,0.0,0.0,0.0,True,2024,80
0.2791,0.0,0.2093,0.0019,0.3615,0.2552,0.5815,0.3333,0.3541,2.0,1.0,1.0,0.0,0.0,0.0,2.0,2.0,1.0,0.48577821620527417,18.510925155658633,14.213004425076345,267.1672163929893,ce8732a8f517b343,78,2,8,24,1221,1070.1,0.486,0,0.0,0.0,0.0,True,2024,80
0.2865,0.0,0.2498,0.0015,0.284,0.3468,0.67,1.0,0.4304,2.0,0.0,0.0,0.0,0.0,0.0,0.0,1.0,1.0,0.45400722736836147,18.32824320964794,14.231244947161638,183.98497828090626,a2e75a3ec0052257,74,2,8,8,841,840.6,0.454,0,0.0,0.0,0.0,True,2024,80
0.1896,0.0,0.1672,0.0041,0.3205,0.5223,0.5263,0.6667,0.5104,2.0,1.0,0.0,0.0,0.0,0.0,1.0,2.0,2.0,0.4206677200577367,17.346901347149196,15.90919946616955,107.97691653033792,b89348787b98386c,71,2,8,16,1207,948.6,0.421,0,0.0,0.0,0.0,True,2024,80
0.1967,0.0,0.1736,0.0092,0.284,0.3487,0.498,1.0,0.3048,2.0,0.0,0.0,0.0,0.0,0.0,0.0,2.0,1.0,0.5063353810020563,18.90164185209639,15.929187673846963,182.94657779748087,f6d87a60ba584c57,74,2,8,8,991,840.6,0.506,0,0.0,0.0,0.0,True,2024,80
0.2618,0.0,0.1618,0.0023,0.284,0.5066,0.7649,1.0,0.2839,2.0,0.0,0.0,0.0,0.0,0.0,0.0,2.0,1.0,0.5150422924414888,15.67386187603725,14.08083983117689,97.67013565136695,02c483f359057c6b,80,2,8,8,991,840.6,0.515,0,0.0,0.0,0.0,True,2024,80
0.2417,0.0,0.1979,0.0021,0.325,0.461,0.5416,0.6667,0.259,2.0,0.0,1.0,0.0,0.0,0.0,1.0,1.0,1.0,0.5254298876555235,18.894626984324784,16.092805594065695,141.04236914357273,4fbb5424ca86fa01,72,2,8,16,963,962.1,0.525,0,0.0,0.0,0.0,True,2024,80
0.1752,0.0,0.1377,0.0021,0.325,0.2974,0.7241,0.6667,0.204,2.0,0.0,1.0,0.0,0.0,0.0,1.0,2.0,2.0,0.548344893097868,18.878794130991317,13.904446268414032,229.4135589872152,53a35ffd31af8049,77,2,8,16,1113,962.1,0.548,0,0.0,0.0,0.0,True,2024,80
0.2285,0.0,0.1918,0.0121,0.284,0.4317,0.4661,1.0,0.28,2.0,0.0,0.0,0.0,0.0,0.0,0.0,2.0,1.0,0.5166470253661021,18.50623884574791,14.059675515517387,138.12844759560872,d74cd40e2cb98a44,79,2,8,8,991,840.6,0.517,0,0.0,0.0,0.0,True,2024,80
0.2191,0.0,0.1821,0.0083,0.284,0.2063,0.4919,1.0,0.3209,2.0,0.0,0.0,0.0,0.0,0.0,0.0,2.0,1.0,0.4996338804168511,17.672960250566913,14.211250712466871,259.82144614339177,b8da3c3e42c589c1,63,2,8,8,991,840.6,0.5,0,0.0,0.0,0.0,True,2024,80
0.1892,0.0,0.1602,0.0044,0.284,0.4231,0.6577,1.0,0.3458,2.0,0.0,0.0,0.0,0.0,0.0,0.0,2.0,1.0,0.48923628338765557,18.85269550483682,14.018192851373446,142.80118868197687,853bfcffacc4ffee,71,2,8,8,991,840.6,0.489,0,0.0,0.0,0.0,True,2024,80
0.1867,0.0,0.1487,0.0028,0.3205,0.3088,0.7198,0.6667,0.3426,2.0,1.0,0.0,0.0,0.0,0.0,1.0,2.0,1.0,0.49057716177025074,18.377309043832252,14.23571458595556,223.2464304643332,65173d8171a67a2f,67,2,8,16,1099,948.6,0.491,0,0.0,0.0,0.0,True,2024,80
0.2045,0.0,0.1835,0.0076,0.3326,0.5262,0.4766,0.6667,0.2637,2.0,1.0,0.0,0.0,1.0,0.0,1.0,1.0,1.0,0.5234498612045667,18.382941372952697,14.216012481480252,120.83108616975537,6dd4191951e00ea4,78,2,8,16,985,984.6,0.523,0,0.0,0.0,0.0,True,2024,80
0.2751,0.0,0.2184,0.0022,0.284,0.4263,0.5992,1.0,0.2608,2.0,0.0,0.0,0.0,0.0,0.0,0.0,1.0,1.0,0.5246815532806612,18.894626984324784,16.055739450690556,141.04236914357273,867a5d8f9728f85c,80,2,8,8,841,840.6,0.525,0,0.0,0.0,0.0,True,2024,80
0.2615,0.0,0.1622,0.0024,0.284,0.5066,0.7592,1.0,0.2285,2.0,0.0,0.0,0.0,0.0,0.0,0.0,2.0,1.0,0.5381202752134933,17.591463300318253,14.22658316360852,97.67013565136695,6bb3c569939b9ec2,78,2,8,8,991,840.6,0.538,0,0.0,0.0,0.0,True,2024,80
0.3021,0.0,0.2369,0.0017,0.3615,0.5369,0.6353,0.3333,0.356,2.0,1.0,1.0,0.0,0.0,0.0,2.0,2.0,2.0,0.4849931925692158,19.087530099953618,14.062295058056366,115.0601651141904,eb31c9c31337b4ce,74,2,8,24,1329,1070.1,0.485,0,0.0,0.0,0.0,True,2024,80
0.2443,0.0,0.2101,0.0058,0.3615,0.2624,0.4386,0.3333,0.3815,2.0,1.0,1.0,0.0,0.0,0.0,2.0,1.0,1.0,0.47436185564847094,18.508850497216542,14.191748117697804,263.3277705843087,d025145502ad4434,75,2,8,24,1071,1070.1,0.474,0,0.0,0.0,0.0,True,2024,80
0.1602,0.0,0.1431,0.0022,0.3737,0.2883,0.7196,0.3333,0.4692,2.0,1.0,1.0,0.0,1.0,0.0,2.0,2.0,1.0,0.4378187055988283,18.516436124025446,14.221648623563466,261.5648639275162,ac36851d14c0bfd7,79,2,8,24,1257,1106.1,0.438,0,0.0,0.0,0.0,True,2024,80
0.2165,0.0,0.1879,0.0069,0.3326,0.5376,0.5017,0.6667,0.2637,2.0,1.0,0.0,0.0,1.0,0.0,1.0,1.0,1.0,0.5234700697236383,18.382992842962146,16.02081452137857,114.70379174325325,54ac93b7ac06042c,76,2,8,16,985,984.6,0.523,0,0.0,0.0,0.0,True,2024,80
0.2489,0.0,0.2435,0.0021,0.3372,0.5672,0.4502,0.6667,0.4083,2.0,0.0,1.0,0.0,1.0,0.0,1.0,2.0,1.0,0.4632023133099711,17.59193290063258,14.23700161335156,98.72077668603005,e614c470d0b034ce,79,2,8,16,1149,998.1,0.463,0,0.0,0.0,0.0,True,2024,80
0.2497,0.0,0.2457,0.0021,0.3372,0.5364,0.4412,0.6667,0.3928,2.0,0.0,1.0,0.0,1.0,0.0,1.0,2.0,1.0,0.4696772844114888,17.59193290063258,14.210425803537868,115.36305130206863,b831fdc7f8f1620f,80,2,8,16,1149,998.1,0.47,0,0.0,0.0,0.0,True,2024,80
0.2288,0.0,0.1923,0.0103,0.325,0.4655,0.468,0.6667,0.3171,2.0,0.0,1.0,0.0,0.0,0.0,1.0,2.0,2.0,0.5012277376636465,18.015457743808728,12.04081297315527,138.6483121155764,5ab9b42615f2dddb,79,2,8,16,1113,962.1,0.501,0,0.0,0.0,0.0,True,2024,80
0.1988,0.0,0.1614,0.0037,0.3615,0.5702,0.5238,0.3333,0.269,2.0,1.0,1.0,0.0,0.0,0.0,2.0,2.0,1.0,0.5212327007149109,18.534196540067786,14.282726237968902,97.09775688198337,91450a56baee719f,78,2,8,24,1221,1070.1,0.521,0,0.0,0.0,0.0,True,2024,80
0.2397,0.0,0.1781,0.0039,0.3372,0.4164,0.5638,0.6667,0.3572,2.0,0.0,1.0,0.0,1.0,0.0,1.0,2.0,2.0,0.48448394540225337,18.193548078947092,13.895240052646336,180.13256117218478,63ec235107931f2e,80,2,8,16,1149,998.1,0.484,0,0.0,0.0,0.0,True,2024,80
0.2246,0.0,0.2044,0.0035,0.3372,0.5597,0.3558,0.6667,0.4083,2.0,0.0,1.0,0.0,1.0,0.0,1.0,2.0,1.0,0.4632022525598366,17.59193290063258,14.237001549962391,102.76588279692167,6b792dd533f5e31b,74,2,8,16,1149,998.1,0.463,0,0.0,0.0,0.0,True,2024,80
0.1618,0.0,0.1438,0.0022,0.3737,0.5902,0.7189,0.3333,0.4697,2.0,1.0,1.0,0.0,1.0,0.0,2.0,2.0,1.0,0.43763402400296547,18.516436124025446,14.247656128273553,98.57254788441409,db476a3ed6897714,72,2,8,24,1257,1106.1,0.438,0,0.0,0.0,0.0,True,2024,80
0.2421,0.0,0.1935,0.004,0.3205,0.2222,0.5029,1.0,0.3714,2.0,1.0,0.0,0.0,0.0,0.0,1.0,2.0,2.0,0.47857715280973895,18.17743864380483,15.907748667601277,269.9982509443148,55d98ab57dff7c67,80,2,8,16,1207,948.6,0.479,0,0.0,0.0,0.0,True,2024,80
0.1665,0.0,0.1537,0.0026,0.284,0.2192,0.6922,1.0,0.2292,2.0,0.0,0.0,0.0,0.0,0.0,0.0,2.0,1.0,0.5378260897694479,17.61511314037227,14.244221411456943,252.8964305380049,7b1f30814e7fd6c0,80,2,8,8,991,840.6,0.538,0,0.0,0.0,0.0,True,2024,80
0.1549,0.0,0.1636,0.0027,0.3372,0.5665,0.6296,0.6667,0.2042,2.0,0.0,1.0,0.0,1.0,0.0,1.0,1.0,1.0,0.5482647179789145,18.517821234246313,14.247656128273553,99.11147326171677,2f884fe07e6ce0c4,80,2,8,16,999,998.1,0.548,0,0.0,0.0,0.0,True,2024,80
0.1968,0.0,0.1717,0.0087,0.284,0.2066,0.5065,1.0,0.319,2.0,0.0,0.0,0.0,0.0,0.0,0.0,2.0,1.0,0.5004211557040479,17.631238532749197,15.912606266864481,259.6657867431115,909b61dcdc062c5b,80,2,8,8,991,840.6,0.5,0,0.0,0.0,0.0,True,2024,80
0.2065,0.0,0.2015,0.0015,0.3205,0.3782,0.6494,0.6667,0.2442,2.0,1.0,0.0,0.0,0.0,0.0,1.0,1.0,1.0,0.5315759824732542,16.78854029832896,14.209142736795897,185.7466626055671,db76edcb72a31c05,79,2,8,16,949,948.6,0.532,0,0.0,0.0,0.0,True,2024,80
0.2624,0.0,0.2273,0.0015,0.3615,0.5369,0.6474,0.3333,0.3551,2.0,1.0,1.0,0.0,0.0,0.0,2.0,2.0,2.0,0.4853900867693763,19.073806407453226,15.884379718261833,115.0983711181029,6c9671121d899f0d,76,2,8,24,1329,1070.1,0.485,0,0.0,0.0,0.0,True,2024,80
0.2939,0.0,0.2491,0.0013,0.325,0.5511,0.711,0.6667,0.4304,2.0,0.0,1.0,0.0,0.0,0.0,1.0,1.0,1.0,0.45399577390464235,18.32824320964794,14.231244947161638,92.39304837319546,d73403e3d1b5a88d,76,2,8,16,963,962.1,0.454,0,0.0,0.0,0.0,True,2024,80
0.2779,0.0,0.2392,0.0017,0.325,0.2239,0.6365,0.6667,0.3369,2.0,0.0,1.0,0.0,0.0,0.0,1.0,2.0,1.0,0.4929459386196953,18.500796496583632,14.213004425076345,269.09505555787007,fa3af1e856307979,78,2,8,16,1113,962.1,0.493,0,0.0,0.0,0.0,True,2024,80
0.2593,0.0,0.1663,0.0038,0.3326,0.2551,0.7909,0.6667,0.3052,2.0,1.0,0.0,0.0,1.0,0.0,1.0,2.0,1.0,0.5061859523334817,17.643011301987755,14.243598678021637,267.2330495926262,6b1ca46db6110558,78,2,8,16,1135,984.6,0.506,0,0.0,0.0,0.0,True,2024,80
0.2687,0.0,0.2539,0.0012,0.3205,0.2348,0.7109,0.6667,0.2054,2.0,1.0,0.0,0.0,0.0,0.0,1.0,2.0,1.0,0.5477646637906595,18.493763778629486,15.76092725345571,263.20511704192296,e1db42c67bf1dcde,79,2,8,16,1099,948.6,0.548,0,0.0,0.0,0.0,True,2024,80
0.2278,0.0,0.1804,0.0017,0.3326,0.402,0.6728,0.6667,0.478,2.0,1.0,0.0,0.0,1.0,0.0,1.0,2.0,1.0,0.4341780912569292,18.81041254569114,16.002112324400425,187.89999427000203,84df788143717e12,79,2,8,16,1135,984.6,0.434,0,0.0,0.0,0.0,True,2024,80
0.197,0.0,0.1731,0.0048,0.3615,0.5613,0.5118,0.3333,0.214,2.0,1.0,1.0,0.0,0.0,0.0,2.0,1.0,1.0,0.5441486426834967,17.631238532749197,15.941141968714694,101.88022063696279,d5c41156ea151ea9,74,2,8,24,1071,1070.1,0.544,0,0.0,0.0,0.0,True,2024,80
0.2698,0.0,0.2177,0.0023,0.2961,0.2439,0.6113,1.0,0.4587,2.0,0.0,0.0,0.0,1.0,0.0,0.0,2.0,1.0,0.4422152754580688,18.513230866715624,15.96494623650056,258.2775486724116,160d79b7d1df0492,80,2,8,8,1027,876.6,0.442,0,0.0,0.0,0.0,True,2024,80
0.1761,0.0,0.1511,0.0027,0.325,0.3,0.6813,0.6667,0.3314,2.0,0.0,1.0,0.0,0.0,0.0,1.0,1.0,2.0,0.4952444473848087,18.821908004939374,14.19587847516911,228.01889556439914,d74078f1ed89c514,75,2,8,16,963,962.1,0.495,0,0.0,0.0,0.0,True,2024,80
0.2306,0.0,0.1933,0.0112,0.325,0.4655,0.4605,0.6667,0.2826,2.0,0.0,1.0,0.0,0.0,0.0,1.0,2.0,2.0,0.51558258106064,18.015457743808728,12.066860900323727,138.6483121155764,704541e3e5bd9638,80,2,8,16,1113,962.1,0.516,0,0.0,0.0,0.0,True,2024,80
0.1958,0.0,0.1694,0.0044,0.325,0.5542,0.5054,0.6667,0.4548,2.0,0.0,1.0,0.0,0.0,0.0,1.0,2.0,2.0,0.4438166134985877,18.518101465710124,14.217570217815219,90.74866425375465,b6ee2f0604cd91ef,77,2,8,16,1113,962.1,0.444,0,0.0,0.0,0.0,True,2024,80
0.2074,0.0,0.1827,0.0053,0.3615,0.5389,0.4926,0.3333,0.2668,2.0,1.0,1.0,0.0,0.0,0.0,2.0,2.0,1.0,0.5221733330521815,18.388810733946684,14.216012481480252,113.99998071700169,f539381f3ab0a517,79,2,8,24,1221,1070.1,0.522,0,0.0,0.0,0.0,True,2024,80
0.1474,0.0,0.1469,0.0027,0.284,0.4239,0.7032,1.0,0.4583,2.0,0.0,0.0,0.0,0.0,0.0,0.0,2.0,1.0,0.4423917596738756,18.854938526852685,14.02224052911108,142.3461785940385,95d02d87191b1da0,80,2,8,8,991,840.6,0.442,0,0.0,0.0,0.0,True,2024,80
0.2626,0.0,0.2165,0.0021,0.2961,0.2434,0.6413,1.0,0.4587,2.0,0.0,0.0,0.0,1.0,0.0,0.0,2.0,1.0,0.44220854146165606,18.513230866715624,13.900484093603877,258.5562583695803,4347f40e8a372ee5,79,2,8,8,1027,876.6,0.442,0,0.0,0.0,0.0,True,2024,80
0.2046,0.0,0.168,0.0019,0.3372,0.5389,0.6659,0.6667,0.5184,2.0,0.0,1.0,0.0,1.0,0.0,1.0,2.0,1.0,0.4173243098044605,18.222842933438315,16.01345321887726,114.01933355786653,36dd3851a7ccedcd,80,2,8,16,1149,998.1,0.417,0,0.0,0.0,0.0,True,2024,80
0.24,0.0,0.1765,0.0021,0.3615,0.4872,0.6059,0.6667,0.2823,2.0,1.0,1.0,0.0,0.0,0.0,2.0,1.0,1.0,0.5157175711684638,18.894626984324784,16.092805594065695,141.9359140987209,9fb29fdf6db4234b,80,2,8,24,1071,1070.1,0.516,0,0.0,0.0,0.0,True,2024,80
0.2745,0.0,0.2547,0.0012,0.3372,0.2546,0.6743,0.6667,0.2054,2.0,0.0,1.0,0.0,1.0,0.0,1.0,1.0,1.0,0.5477646637906595,18.335054639929744,15.772353739627572,267.4964069488076,0df99c88f1f3e2a1,79,2,8,16,999,998.1,0.548,0,0.0,0.0,0.0,True,2024,80
0.2217,0.0,0.1802,0.0065,0.3615,0.497,0.5011,0.3333,0.3,2.0,1.0,1.0,0.0,0.0,0.0,2.0,2.0,2.0,0.5083323805680424,18.020587916937465,12.094193467511431,136.6215484323934,479aaf33eb38307e,80,2,8,24,1329,1070.1,0.508,0,0.0,0.0,0.0,True,2024,80
0.1682,0.0,0.1501,0.0027,0.3372,0.3277,0.716,0.6667,0.3759,2.0,0.0,1.0,0.0,1.0,0.0,1.0,1.0,1.0,0.4767009874093693,18.316260127603286,14.19587847516911,228.01889556439914,8bd6710e364d6dd0,74,2,8,16,999,998.1,0.477,0,0.0,0.0,0.0,True,2024,80
0.2424,0.0,0.2,0.003,0.2961,0.2238,0.4973,1.0,0.4319,2.0,0.0,0.0,0.0,1.0,0.0,0.0,1.0,1.0,0.45336852575546344,18.590818520227344,14.217704035631169,269.13242305524665,0c85048c9e1bf1af,77,2,8,8,877,876.6,0.453,0,0.0,0.0,0.0,True,2024,80
0.221,0.0,0.1802,0.0064,0.325,0.4692,0.5011,0.6667,0.2985,2.0,0.0,1.0,0.0,0.0,0.0,1.0,2.0,2.0,0.508968940585206,18.020587916937465,12.094193467511431,136.6215484323934,8f69a5bf3c204bd5,73,2,8,16,1113,962.1,0.509,0,0.0,0.0,0.0,True,2024,80
0.1991,0.0,0.1666,0.0021,0.3737,0.5115,0.5274,0.3333,0.427,2.0,1.0,1.0,0.0,1.0,0.0,2.0,2.0,1.0,0.4554009899328216,18.593744840039623,14.236094592641859,141.04236914357273,b9ec62a76f45af4f,79,2,8,24,1257,1106.1,0.455,0,0.0,0.0,0.0,True,2024,80
0.1963,0.0,0.171,0.005,0.325,0.5336,0.5059,0.6667,0.2126,2.0,0.0,1.0,0.0,0.0,0.0,1.0,2.0,1.0,0.5447310355512133,17.631238532749197,15.941141968714694,101.88022063696279,1dcea3bc68a6cb21,78,2,8,16,1113,962.1,0.545,0,0.0,0.0,0.0,True,2024,80
0.1842,0.0,0.1632,0.0021,0.3372,0.5389,0.678,0.6667,0.5402,2.0,0.0,1.0,0.0,1.0,0.0,1.0,2.0,1.0,0.40823618617647767,18.222842933438315,16.051629102862943,113.99585356184674,4e03dd664a9a4060,77,2,8,16,1149,998.1,0.408,0,0.0,0.0,0.0,True,2024,80
0.2654,0.0,0.1847,0.003,0.3737,0.4318,0.5951,0.3333,0.3566,2.0,1.0,1.0,0.0,1.0,0.0,2.0,2.0,1.0,0.48476462179927315,18.178635739686758,14.22454919493937,184.1069285880011,8dfea7fed9ff7a5e,80,2,8,24,1257,1106.1,0.485,0,0.0,0.0,0.0,True,2024,80
0.1785,0.0,0.1655,0.004,0.2961,0.5429,0.5154,1.0,0.4555,2.0,0.0,0.0,0.0,1.0,0.0,0.0,2.0,1.0,0.4435543402349649,18.517821234246313,14.247656128273553,96.85450526252477,a0b87f22bc7e6b5a,76,2,8,8,1027,876.6,0.444,0,0.0,0.0,0.0,True,2024,80
0.1667,0.0,0.1547,0.0021,0.3615,0.2691,0.6951,0.3333,0.2013,2.0,1.0,1.0,0.0,0.0,0.0,2.0,2.0,1.0,0.549451610963841,18.56848347057227,14.244263910338907,259.6988475454073,b60cf71683aec847,76,2,8,24,1221,1070.1,0.549,0,0.0,0.0,0.0,True,2024,80
0.1915,0.0,0.1678,0.0115,0.3372,0.5635,0.487,0.6667,0.4803,2.0,0.0,1.0,0.0,1.0,0.0,1.0,2.0,1.0,0.43320620747775346,17.649944720283244,14.245913625598616,100.72758901296787,0a87601a9b9f0dcf,79,2,8,16,1149,998.1,0.433,0,0.0,0.0,0.0,True,2024,80
0.2572,0.0,0.2008,0.0024,0.3737,0.4372,0.5511,0.3333,0.3979,2.0,1.0,1.0,0.0,1.0,0.0,2.0,2.0,1.0,0.467539466157821,19.611589549763874,15.852242460912812,181.1885093774629,d8372989488c412d,74,2,8,24,1257,1106.1,0.468,0,0.0,0.0,0.0,True,2024,80
0.2041,0.0,0.1632,0.0035,0.3615,0.5369,0.6447,0.3333,0.5404,2.0,1.0,1.0,0.0,0.0,0.0,2.0,2.0,1.0,0.40816508324421014,19.100512960840337,16.051629102862943,115.08750171709299,c60f2599124f22f5,80,2,8,24,1221,1070.1,0.408,0,0.0,0.0,0.0,True,2024,80
0.2448,0.0,0.1833,0.0039,0.3737,0.4391,0.5514,0.3333,0.3566,2.0,1.0,1.0,0.0,1.0,0.0,2.0,2.0,1.0,0.48476462179927315,18.193548078947092,13.895240052646336,180.13256117218478,2f37ffb4279cb6cd,78,2,8,24,1257,1106.1,0.485,0,0.0,0.0,0.0,True,2024,80
0.2187,0.0,0.1908,0.0033,0.3205,0.3719,0.5618,0.6667,0.3939,2.0,1.0,0.0,0.0,0.0,0.0,1.0,2.0,1.0,0.4692262499226758,18.31823435097884,14.22243932499971,189.19219422354675,722ff206d42308fa,77,2,8,16,1099,948.6,0.469,0,0.0,0.0,0.0,True,2024,80
0.2592,0.0,0.1953,0.0032,0.3615,0.4164,0.5796,0.3333,0.3948,2.0,1.0,1.0,0.0,0.0,0.0,2.0,2.0,1.0,0.46881560184272647,18.334266146012528,15.927616250617506,180.13256117218478,523f879e7e3a546f,71,2,8,24,1221,1070.1,0.469,0,0.0,0.0,0.0,True,2024,80
0.1726,0.0,0.1495,0.0019,0.3326,0.583,0.6547,0.6667,0.2036,2.0,1.0,0.0,0.0,1.0,0.0,1.0,2.0,1.0,0.548514130175069,18.323166730856922,16.007210834980846,90.19436618999873,c20b39effcba8d3d,79,2,8,16,1135,984.6,0.549,0,0.0,0.0,0.0,True,2024,80
0.1944,0.0,0.1599,0.0058,0.3372,0.3294,0.527,0.6667,0.3835,2.0,0.0,1.0,0.0,1.0,0.0,1.0,2.0,1.0,0.473524931426633,18.1981087229788,15.921088327394264,227.11477944965057,3d6017ad93af5cf4,78,2,8,16,1149,998.1,0.474,0,0.0,0.0,0.0,True,2024,80
0.2447,0.0,0.2216,0.0034,0.3205,0.5319,0.3672,0.6667,0.4083,2.0,1.0,0.0,0.0,0.0,0.0,1.0,2.0,2.0,0.4632022525598366,17.590712574508895,14.237001549962391,102.76588279692167,af35e542db172cb8,79,2,8,16,1207,948.6,0.463,0,0.0,0.0,0.0,True,2024,80
0.186,0.0,0.2594,0.0198,0.284,0.4658,0.0574,1.0,0.2007,2.0,0.0,0.0,0.0,0.0,0.0,0.0,2.0,2.0,0.549690461777936,9.80025425450803,27.432648731848406,119.73073231380963,a087ca585d54bf39,28,2,8,8,991,840.6,0.55,0,0.0,0.0,0.0,True,555,80
0.2077,0.0,0.1546,0.0153,0.3615,0.3502,0.6827,0.3333,0.4465,2.0,1.0,1.0,0.0,0.0,0.0,2.0,1.0,2.0,0.44730501960190977,9.798338442696187,29.167559037413746,215.86749641613739,9d46e6a9c0cb9d1a,48,2,8,24,1179,1070.1,0.447,0,0.0,0.0,0.0,True,555,80
0.1856,0.0,0.1981,0.0985,0.3205,0.4886,0.0,0.6667,0.4566,2.0,1.0,0.0,0.0,0.0,0.0,1.0,1.0,2.0,0.4430999711507997,9.77566749677051,14.421071143134837,126.17010224292744,e1603bc1a2dd2a08,64,2,8,16,1057,948.6,0.443,0,0.0,0.0,0.0,True,555,80
0.1759,0.0,0.1923,0.0014,0.2961,0.507,0.593,1.0,0.4374,2.0,0.0,0.0,0.0,1.0,0.0,0.0,2.0,1.0,0.4511035251110373,9.79504160807923,14.382144857535545,116.19531592821869,fbb284840eec4611,66,2,8,8,1027,876.6,0.451,0,0.0,0.0,0.0,True,555,80
0.2649,0.0,0.2132,0.0406,0.284,0.4547,0.629,1.0,0.2,2.0,0.0,0.0,0.0,0.0,0.0,0.0,1.0,2.0,0.5499960134736155,9.800206734835692,14.423642260585966,125.69333177049452,45caa3ceae42ba31,71,2,8,8,841,840.6,0.55,0,0.0,0.0,0.0,True,555,80
0.197,0.0,0.1979,0.1007,0.3205,0.4886,0.0,0.6667,0.457,2.0,1.0,0.0,0.0,0.0,0.0,1.0,2.0,1.0,0.44289870090334627,9.773255339335126,14.421071143134837,126.18075460600187,899dfd4a46bb7f99,75,2,8,16,1099,948.6,0.443,0,0.0,0.0,0.0,True,555,80
0.2549,0.0,0.1919,0.0289,0.284,0.231,0.7222,1.0,0.2008,2.0,0.0,0.0,0.0,0.0,0.0,0.0,2.0,2.0,0.5496540374317042,10.0072722212796,27.742684183876293,246.4919229335407,f88f368db6dd8f42,78,2,8,8,991,840.6,0.55,0,0.0,0.0,0.0,True,555,80
0.2266,0.0,0.2057,0.0304,0.3615,0.3164,0.7945,0.3333,0.2008,2.0,1.0,1.0,0.0,0.0,0.0,2.0,1.0,2.0,0.5496521544703055,9.798327695058305,27.736764917699837,234.14802036476453,89d97b21c60e4c9a,79,2,8,24,1179,1070.1,0.55,0,0.0,0.0,0.0,True,555,80
0.18,0.0,0.2405,0.0312,0.284,0.4662,0.1105,1.0,0.5569,2.0,0.0,0.0,0.0,0.0,0.0,0.0,2.0,2.0,0.4012869648016873,8.795962120748243,26.145914527462338,119.50665541373866,065827bc231d0569,79,2,8,8,991,840.6,0.401,0,0.0,0.0,0.0,True,555,80
0.1444,0.0,0.1079,0.0229,0.3205,0.5129,0.4952,0.6667,0.5083,2.0,1.0,0.0,0.0,0.0,0.0,1.0,2.0,1.0,0.4215486908992487,9.798155915659255,14.029139500321559,113.05874456646242,deca8cfaf798b7ec,79,2,8,16,1099,948.6,0.422,0,0.0,0.0,0.0,True,555,80
0.1681,0.0,0.2788,0.0368,0.325,0.5147,0.0514,0.6667,0.3909,2.0,0.0,1.0,0.0,0.0,0.0,1.0,2.0,1.0,0.4704477215627173,9.805248147603082,27.578918640007693,112.07587028493316,475cae52ae1e4e8f,78,2,8,16,1113,962.1,0.47,0,0.0,0.0,0.0,True,555,80
0.1922,0.0,0.1887,0.0291,0.3737,0.5617,0.0455,0.3333,0.3165,2.0,1.0,1.0,0.0,1.0,0.0,2.0,1.0,2.0,0.5014528812351011,9.78235072329138,14.847236977615761,113.97600167512648,efaaa64e26e89da2,80,2,8,24,1215,1106.1,0.501,0,0.0,0.0,0.0,True,555,80
0.1028,0.0,0.1521,0.0142,0.3205,0.2878,0.6451,0.6667,0.2124,2.0,1.0,0.0,0.0,0.0,0.0,1.0,2.0,1.0,0.5448304189934015,9.79824524906509,13.708691021983341,234.59820581537434,e247b839cbb2e72f,80,2,8,16,1099,948.6,0.545,0,0.0,0.0,0.0,True,555,80
0.1462,0.0,0.2117,0.0479,0.284,0.4153,0.2961,1.0,0.4145,2.0,0.0,0.0,0.0,0.0,0.0,0.0,1.0,1.0,0.4606444533653828,8.76295538042497,27.315372536608024,146.963679027841,07ccaacc15c61975,80,2,8,8,841,840.6,0.461,0,0.0,0.0,0.0,True,555,80
0.175,0.0,0.2655,0.02,0.325,0.3658,0.042,0.6667,0.2056,2.0,0.0,1.0,0.0,0.0,0.0,1.0,2.0,2.0,0.5476773661795297,9.800796853412939,13.88001995835618,192.48232286891937,76bcbb7867f3bd17,80,2,8,16,1113,962.1,0.548,0,0.0,0.0,0.0,True,555,80
0.2576,0.0,0.2052,0.0325,0.3372,0.5433,0.652,0.6667,0.2007,2.0,0.0,1.0,0.0,1.0,0.0,1.0,2.0,1.0,0.5496917014004913,10.01845552562013,28.238166678852462,111.6333917598593,e95459b0f4cc4914,80,2,8,16,1149,998.1,0.55,0,0.0,0.0,0.0,True,555,80
0.1491,0.0,0.1482,0.0048,0.2961,0.2776,0.5254,1.0,0.4903,2.0,0.0,0.0,0.0,1.0,0.0,0.0,2.0,1.0,0.4290254596833715,9.795081504366097,28.32419019919024,240.11455752446324,5143bb99dbce16f5,80,2,8,8,1027,876.6,0.429,0,0.0,0.0,0.0,True,555,80
0.1777,0.0,0.2248,0.0602,0.284,0.4043,0.175,1.0,0.2729,2.0,0.0,0.0,0.0,0.0,0.0,0.0,2.0,2.0,0.5196302128463027,9.804835907931267,27.740500528694295,152.9093386270772,bbd0d50ff4effd23,79,2,8,8,991,840.6,0.52,0,0.0,0.0,0.0,True,555,80
0.1468,0.0,0.1553,0.0152,0.3737,0.5616,0.2762,0.6667,0.3708,2.0,1.0,1.0,0.0,1.0,0.0,2.0,1.0,2.0,0.4788210845498392,8.763619897584334,14.74258664564277,114.03002296420004,3bdd249464e088c8,73,2,8,24,1215,1106.1,0.479,0,0.0,0.0,0.0,True,555,80
0.1823,0.0,0.2039,0.0739,0.3615,0.3214,0.0233,0.6667,0.3213,2.0,1.0,1.0,0.0,0.0,0.0,2.0,1.0,1.0,0.4994632574369266,10.034600224493758,13.812565716843583,231.4191027006067,0b54bd49d7b68fa5,80,2,8,24,1071,1070.1,0.499,0,0.0,0.0,0.0,True,555,80
0.2031,0.0,0.1465,0.0286,0.284,0.2951,0.4584,1.0,0.2561,2.0,0.0,0.0,0.0,0.0,0.0,0.0,1.0,1.0,0.5266457422750191,9.798301661893936,26.082092938143987,211.8879725382877,0a9633d867a9217a,66,2,8,8,841,840.6,0.527,0,0.0,0.0,0.0,True,555,80
0.1981,0.0,0.2682,0.0913,0.284,0.4115,0.0143,1.0,0.3416,2.0,0.0,0.0,0.0,0.0,0.0,0.0,2.0,1.0,0.4909825172439253,10.010159084606158,14.221739830077112,149.02500763737112,8c7a483d8650b1ed,78,2,8,8,991,840.6,0.491,0,0.0,0.0,0.0,True,555,80
0.2101,0.0,0.2079,0.0304,0.284,0.2539,0.7524,1.0,0.2008,2.0,0.0,0.0,0.0,0.0,0.0,0.0,2.0,1.0,0.5496521544703055,9.797847233081383,27.745251623175136,234.14802036476453,c2f478bdce7bca58,69,2,8,8,991,840.6,0.55,0,0.0,0.0,0.0,True,555,80
0.1649,0.0,0.2409,0.0806,0.284,0.4499,0.137,1.0,0.457,2.0,0.0,0.0,0.0,0.0,0.0,0.0,2.0,1.0,0.44289870090334627,9.773255339335126,14.257929591131774,128.30383042573075,0126b17280a0348b,79,2,8,8,991,840.6,0.443,0,0.0,0.0,0.0,True,555,80
0.1904,0.0,0.1937,0.0968,0.3326,0.5479,0.0,0.6667,0.429,2.0,1.0,0.0,0.0,1.0,0.0,1.0,2.0,2.0,0.45458135086990226,10.093048782319284,14.255446041685433,109.13353787111026,b729228be6c0db6e,76,2,8,16,1243,984.6,0.455,0,0.0,0.0,0.0,True,555,80
0.137,0.0,0.15,0.0535,0.3205,0.4507,0.229,0.6667,0.4906,2.0,1.0,0.0,0.0,0.0,0.0,1.0,2.0,1.0,0.42892502488318124,8.786160991695423,27.09023803465666,146.61290877588152,3561ade177799686,80,2,8,16,1099,948.6,0.429,0,0.0,0.0,0.0,True,555,80
0.1635,0.0,0.1616,0.0622,0.3205,0.4881,0.2032,0.6667,0.3167,2.0,1.0,0.0,0.0,0.0,0.0,1.0,2.0,1.0,0.5013698275726428,9.774040206622942,27.593435669435312,126.42606085543504,0a920a9145ffaa2e,80,2,8,16,1099,948.6,0.501,0,0.0,0.0,0.0,True,555,80
0.1696,0.0,0.183,0.0862,0.3326,0.5168,0.0549,0.6667,0.4566,2.0,1.0,0.0,0.0,1.0,0.0,1.0,2.0,1.0,0.4430999711507997,9.77566749677051,14.421071143134837,125.93812307036998,f5d9814c836bf4ce,79,2,8,16,1135,984.6,0.443,0,0.0,0.0,0.0,True,555,80
0.1623,0.0,0.1284,0.0024,0.3205,0.3287,0.5886,0.6667,0.307,2.0,1.0,0.0,0.0,0.0,0.0,1.0,2.0,2.0,0.5054339558182924,9.782184050338046,16.873288170088323,212.52310408399384,c31dbb0e54bd8ee4,73,2,8,16,1207,948.6,0.505,0,0.0,0.0,0.0,True,555,80
0.1665,0.0,0.2762,0.035,0.325,0.5147,0.0623,0.6667,0.3904,2.0,0.0,1.0,0.0,0.0,0.0,1.0,2.0,1.0,0.47065589951491366,8.798377316151754,27.578918640007693,112.07587028493316,9d23f5aa3feed16b,80,2,8,16,1113,962.1,0.471,0,0.0,0.0,0.0,True,555,80
0.1546,0.0,0.222,0.0377,0.284,0.4168,0.235,1.0,0.4925,2.0,0.0,0.0,0.0,0.0,0.0,0.0,2.0,1.0,0.4281157311545554,9.804837396749859,14.607652368007255,146.19367766159436,8cc90435a5873cc7,74,2,8,8,991,840.6,0.428,0,0.0,0.0,0.0,True,555,80
0.2213,0.0,0.1403,0.0202,0.3205,0.3125,0.4429,0.6667,0.3493,2.0,1.0,0.0,0.0,0.0,0.0,1.0,2.0,1.0,0.4877978320246513,9.798301661893936,14.225256597325217,221.2469117419875,37f8b00f8d492ef8,70,2,8,16,1099,948.6,0.488,0,0.0,0.0,0.0,True,555,80
0.1607,0.0,0.1812,0.0718,0.3205,0.4391,0.1765,0.6667,0.2697,2.0,1.0,0.0,0.0,0.0,0.0,1.0,2.0,2.0,0.5209680582396389,9.797193203206145,28.369822198056866,152.9093386270772,a58208180652c7c2,72,2,8,16,1207,948.6,0.521,0,0.0,0.0,0.0,True,555,80
0.2488,0.0,0.195,0.0342,0.3372,0.2949,0.6702,0.6667,0.2007,2.0,0.0,1.0,0.0,1.0,0.0,1.0,2.0,2.0,0.5496908138812392,11.137864696079102,28.197738041632316,245.77968620096954,dc3fb936dfe1e6cf,79,2,8,16,1149,998.1,0.55,0,0.0,0.0,0.0,True,555,80
0.1733,0.0,0.1097,0.0039,0.3205,0.2948,0.6064,0.6667,0.266,2.0,1.0,0.0,0.0,0.0,0.0,1.0,2.0,1.0,0.5224927892454595,10.032925029681687,15.170600456026582,230.81531316010137,7427a2526468de9f,66,2,8,16,1099,948.6,0.522,0,0.0,0.0,0.0,True,555,80
0.1835,0.0,0.1801,0.0159,0.3615,0.4775,0.0877,0.6667,0.4055,2.0,1.0,1.0,0.0,0.0,0.0,2.0,1.0,1.0,0.4643847715485621,8.700994711308828,13.705097791337417,147.13118182176967,4022ab5b4e94ae53,74,2,8,24,1071,1070.1,0.464,0,0.0,0.0,0.0,True,555,80
0.1582,0.0,0.2325,0.0692,0.284,0.3381,0.1912,1.0,0.5238,2.0,0.0,0.0,0.0,0.0,0.0,0.0,2.0,1.0,0.4150750903081168,9.794888681176241,28.628452673776042,188.68672619847882,844e337e38a012db,73,2,8,8,991,840.6,0.415,0,0.0,0.0,0.0,True,555,80
0.1766,0.0,0.1429,0.0078,0.284,0.4232,0.5684,1.0,0.2173,2.0,0.0,0.0,0.0,0.0,0.0,0.0,2.0,2.0,0.5427920130291428,9.796734334798217,27.312795857262227,142.72147899985836,da1b287fefa5493e,71,2,8,8,991,840.6,0.543,0,0.0,0.0,0.0,True,555,80
0.1882,0.0,0.1729,0.0508,0.3205,0.4955,0.0856,0.6667,0.2044,2.0,1.0,0.0,0.0,0.0,0.0,1.0,2.0,1.0,0.5481490026434326,9.793393218049873,27.075190390776697,122.43297310065068,0e6733af0baee46e,80,2,8,16,1099,948.6,0.548,0,0.0,0.0,0.0,True,555,80
0.1415,0.0,0.1161,0.0382,0.3615,0.3821,0.3931,0.6667,0.464,2.0,1.0,1.0,0.0,0.0,0.0,2.0,2.0,1.0,0.43999636753463994,9.802226499393164,26.553786062936254,198.67107592738202,79beadb915ac6efc,80,2,8,24,1221,1070.1,0.44,0,0.0,0.0,0.0,True,555,80
0.119,0.0,0.123,0.0449,0.3326,0.3767,0.4004,0.6667,0.4648,2.0,1.0,0.0,0.0,1.0,0.0,1.0,2.0,2.0,0.4396706097644021,9.802576883819398,27.460593945219095,201.5580486518001,05eb8741c98ffce1,78,2,8,16,1243,984.6,0.44,0,0.0,0.0,0.0,True,555,80
0.183,0.0,0.137,0.0048,0.284,0.3116,0.5354,1.0,0.3863,2.0,0.0,0.0,0.0,0.0,0.0,0.0,1.0,2.0,0.4723935990332581,9.805219065653713,27.55968088526459,202.9755246997475,fc152225be000387,78,2,8,8,841,840.6,0.472,0,0.0,0.0,0.0,True,555,80
0.215,0.0,0.1916,0.0955,0.3205,0.3412,0.0222,0.6667,0.3008,2.0,1.0,0.0,0.0,0.0,0.0,1.0,2.0,2.0,0.5079823414134872,9.80504445598067,15.107775640813374,205.7579258851692,edbe8445d13500b8,74,2,8,16,1207,948.6,0.508,0,0.0,0.0,0.0,True,555,80
0.1467,0.0,0.2303,0.0207,0.325,0.3935,0.2062,0.6667,0.2992,2.0,0.0,1.0,0.0,0.0,0.0,1.0,2.0,1.0,0.508680969486162,9.791308170698349,28.62098337243241,177.49931576339137,94e1c519f590f300,78,2,8,16,1113,962.1,0.509,0,0.0,0.0,0.0,True,555,80
0.2237,0.0,0.2001,0.0099,0.284,0.2414,0.715,1.0,0.2139,2.0,0.0,0.0,0.0,0.0,0.0,0.0,2.0,1.0,0.5442253887637022,9.798616008426603,26.27265726772194,240.90081899214525,e4208991d1ccd9c7,70,2,8,8,991,840.6,0.544,0,0.0,0.0,0.0,True,555,80
0.1202,0.0,0.1326,0.0092,0.3615,0.5398,0.3812,0.6667,0.3164,2.0,1.0,1.0,0.0,0.0,0.0,2.0,2.0,1.0,0.5015167489541557,9.796942693173255,27.572429919910405,113.51337084363504,a5725c9fba364cfd,74,2,8,24,1221,1070.1,0.502,0,0.0,0.0,0.0,True,555,80
0.1821,0.0,0.1651,0.0179,0.325,0.3029,0.7331,0.6667,0.2006,2.0,0.0,1.0,0.0,0.0,0.0,1.0,2.0,1.0,0.5497303315255567,9.809009806003417,14.004160517039685,226.44906893808323,15534961655fcb83,78,2,8,16,1113,962.1,0.55,0,0.0,0.0,0.0,True,555,80
0.1122,0.0,0.1662,0.012,0.3205,0.4131,0.5284,0.6667,0.3336,2.0,1.0,0.0,0.0,0.0,0.0,1.0,2.0,1.0,0.4943535770304319,9.790824988024168,13.708691021983341,166.89973390229042,fd90af5106f93769,80,2,8,16,1099,948.6,0.494,0,0.0,0.0,0.0,True,555,80
0.2322,0.0,0.1692,0.0226,0.3205,0.2986,0.3579,0.6667,0.3693,2.0,1.0,0.0,0.0,0.0,0.0,1.0,2.0,1.0,0.4794463059625772,9.798353389822054,26.403981235675847,228.75489308720157,6cf1ec8213e26945,75,2,8,16,1099,948.6,0.479,0,0.0,0.0,0.0,True,555,80
0.2,0.0,0.2644,0.0267,0.284,0.4712,0.0066,1.0,0.4343,2.0,0.0,0.0,0.0,0.0,0.0,0.0,2.0,1.0,0.4523735047442893,8.993527664639158,28.514330287450427,116.82255498120301,f6de8cd7f04480e3,78,2,8,8,991,840.6,0.452,0,0.0,0.0,0.0,True,555,80
0.1422,0.0,0.2084,0.0494,0.284,0.4161,0.3157,1.0,0.4145,2.0,0.0,0.0,0.0,0.0,0.0,0.0,1.0,1.0,0.4606444533653828,8.68238406056014,27.53735934405218,146.53815546198692,ada4b1be5edee439,70,2,8,8,841,840.6,0.461,0,0.0,0.0,0.0,True,555,80
0.133,0.0,0.1749,0.016,0.3615,0.5325,0.2513,0.6667,0.3164,2.0,1.0,1.0,0.0,0.0,0.0,2.0,1.0,2.0,0.5015167489541557,9.798332483071794,27.572429919910405,117.44293588664455,c5756ebc639adcab,78,2,8,24,1179,1070.1,0.502,0,0.0,0.0,0.0,True,555,80
0.2185,0.0,0.264,0.0184,0.284,0.4552,0.0024,1.0,0.4529,2.0,0.0,0.0,0.0,0.0,0.0,0.0,2.0,2.0,0.44464485225220834,9.77820607475891,27.728406481789882,125.4649379287371,cb6cf5e206d598fe,77,2,8,8,991,840.6,0.445,0,0.0,0.0,0.0,True,555,80
0.1122,0.0,0.1771,0.012,0.3205,0.3916,0.5284,0.6667,0.3336,2.0,1.0,0.0,0.0,0.0,0.0,1.0,2.0,1.0,0.4943535770304319,9.790824988024168,13.708691021983341,178.54444750578395,9a597be807c1b3fc,71,2,8,16,1099,948.6,0.494,0,0.0,0.0,0.0,True,555,80
0.1241,0.0,0.1344,0.0328,0.3205,0.5075,0.3889,0.6667,0.369,2.0,1.0,0.0,0.0,0.0,0.0,1.0,2.0,2.0,0.4795675890420678,8.811053690869116,17.670514893357026,115.9394094882041,a043d82c0ee00e3c,77,2,8,16,1207,948.6,0.48,0,0.0,0.0,0.0,True,555,80
0.1299,0.0,0.1223,0.0173,0.3205,0.4597,0.4805,0.6667,0.2171,2.0,1.0,0.0,0.0,0.0,0.0,1.0,2.0,1.0,0.5428919217144906,9.80487990560526,14.537689510088484,141.78762114933173,11360f20a6d954a9,79,2,8,16,1099,948.6,0.543,0,0.0,0.0,0.0,True,555,80
0.1163,0.0,0.1177,0.0402,0.3205,0.5114,0.4215,0.6667,0.4566,2.0,1.0,0.0,0.0,0.0,0.0,1.0,2.0,1.0,0.4430999711507997,9.77566749677051,14.421071143134837,113.82414275906201,727647fd70ecbd46,75,2,8,16,1099,948.6,0.443,0,0.0,0.0,0.0,True,555,80
0.118,0.0,0.1236,0.0415,0.3615,0.5455,0.3902,0.3333,0.4648,2.0,1.0,1.0,0.0,0.0,0.0,2.0,2.0,1.0,0.4396706097644021,9.802576883819398,14.068685145640853,110.42963562765912,fed6fbc62ac1a2c3,79,2,8,24,1221,1070.1,0.44,0,0.0,0.0,0.0,True,555,80
0.1293,0.0,0.163,0.0159,0.3205,0.5047,0.2894,0.6667,0.3119,2.0,1.0,0.0,0.0,0.0,0.0,1.0,1.0,2.0,0.503355833204806,9.798332483071794,27.572429919910405,117.44293588664455,795d6da3575cdd69,79,2,8,16,1057,948.6,0.503,0,0.0,0.0,0.0,True,555,80
0.1268,0.0,0.2132,0.0155,0.284,0.3588,0.2953,1.0,0.3277,2.0,0.0,0.0,0.0,0.0,0.0,0.0,2.0,1.0,0.49681141521435274,9.791095414313325,28.62098337243241,177.49931576339137,f74b4312e3607f93,66,2,8,8,991,840.6,0.497,0,0.0,0.0,0.0,True,555,80
0.1886,0.0,0.2447,0.0507,0.284,0.4608,0.0854,1.0,0.2062,2.0,0.0,0.0,0.0,0.0,0.0,0.0,2.0,2.0,0.547421959594147,9.673113001704959,27.082324236946324,122.43297310065068,8cc88707afdfab02,79,2,8,8,991,840.6,0.547,0,0.0,0.0,0.0,True,555,80
0.1472,0.0,0.1376,0.0165,0.3205,0.4385,0.2737,0.6667,0.362,2.0,1.0,0.0,0.0,0.0,0.0,1.0,2.0,1.0,0.48249529865801527,9.797193203206145,28.369822198056866,153.19733751129917,5369f976c4704bcd,79,2,8,16,1099,948.6,0.482,0,0.0,0.0,0.0,True,555,80
0.1505,0.0,0.1726,0.0174,0.284,0.4811,0.3392,1.0,0.4716,2.0,0.0,0.0,0.0,0.0,0.0,0.0,1.0,2.0,0.436828205677122,9.796734334798217,27.312795857262227,111.42952773658867,4f64f66b8ebb30d0,80,2,8,8,841,840.6,0.437,0,0.0,0.0,0.0,True,555,80
0.2013,0.0,0.1549,0.0116,0.3326,0.5388,0.1284,0.6667,0.209,2.0,1.0,0.0,0.0,1.0,0.0,1.0,2.0,1.0,0.546265646385836,8.763619897584334,13.822616790352289,114.03002296420004,8ddead7c19611d4e,80,2,8,16,1135,984.6,0.546,0,0.0,0.0,0.0,True,555,80
0.235,0.0,0.2121,0.0906,0.2961,0.4283,0.1281,1.0,0.2015,2.0,0.0,0.0,0.0,1.0,0.0,0.0,1.0,2.0,0.549390672301425,9.798240795897248,28.183354083036047,158.70560421669887,b6d60eebb3b2ed58,79,2,8,8,877,876.6,0.549,0,0.0,0.0,0.0,True,555,80
0.1566,0.0,0.2029,0.0118,0.284,0.4552,0.3307,1.0,0.4529,2.0,0.0,0.0,0.0,0.0,0.0,0.0,1.0,2.0,0.44464485225220834,9.796717150043841,27.728406481789882,125.4649379287371,36509311b93af2cc,70,2,8,8,841,840.6,0.445,0,0.0,0.0,0.0,True,555,80
0.1382,0.0,0.192,0.0231,0.284,0.4244,0.5118,1.0,0.2278,2.0,0.0,0.0,0.0,0.0,0.0,0.0,2.0,1.0,0.538409566594157,9.796842116531565,14.029139500321559,142.07156879514352,94cac2b900808b65,79,2,8,8,991,840.6,0.538,0,0.0,0.0,0.0,True,555,80
0.2364,0.0,0.2146,0.0778,0.2961,0.5245,0.1202,1.0,0.2218,2.0,0.0,0.0,0.0,1.0,0.0,0.0,1.0,1.0,0.5409100647056756,9.79822832390065,28.146590725441637,106.78904964356317,9aac5cce1e2c635f,80,2,8,8,877,876.6,0.541,0,0.0,0.0,0.0,True,555,80
0.2007,0.0,0.2559,0.0755,0.284,0.3949,0.0189,1.0,0.4412,2.0,0.0,0.0,0.0,0.0,0.0,0.0,2.0,2.0,0.4495060611633812,8.942443007892326,28.011901205989965,157.97745256139433,e1d1a4134f5fef7c,79,2,8,8,991,840.6,0.45,0,0.0,0.0,0.0,True,555,80
0.1931,0.0,0.1953,0.0878,0.3205,0.4946,0.0199,0.6667,0.2998,2.0,1.0,0.0,0.0,0.0,0.0,1.0,2.0,1.0,0.5084011863635797,9.78411905435171,15.107775640813374,122.91290462079088,9179338b8ffcadae,73,2,8,16,1099,948.6,0.508,0,0.0,0.0,0.0,True,555,80
0.2435,0.0,0.239,0.0778,0.284,0.4897,0.01,1.0,0.2218,2.0,0.0,0.0,0.0,0.0,0.0,0.0,2.0,1.0,0.5409100647056756,9.798228192924677,28.146590725441637,106.78904964356317,7998d9dc9d2f221d,79,2,8,8,991,840.6,0.541,0,0.0,0.0,0.0,True,555,80
0.227,0.0,0.1692,0.0073,0.284,0.2638,0.358,1.0,0.3692,2.0,0.0,0.0,0.0,0.0,0.0,0.0,1.0,1.0,0.4794839823461658,9.798351803033203,27.29170933103781,228.82366337822702,296edef4181e7057,71,2,8,8,841,840.6,0.479,0,0.0,0.0,0.0,True,555,80
0.1322,0.0,0.2198,0.0155,0.325,0.3792,0.2595,0.6667,0.3164,2.0,0.0,1.0,0.0,0.0,0.0,1.0,1.0,1.0,0.5015167489541557,9.798332483071794,27.57336507962109,185.2562761462347,8fe4bf24de38e287,78,2,8,16,963,962.1,0.502,0,0.0,0.0,0.0,True,555,80
0.1804,0.0,0.2082,0.0794,0.3205,0.3339,0.0141,0.6667,0.5182,2.0,1.0,0.0,0.0,0.0,0.0,1.0,2.0,1.0,0.4174258014736517,9.793445860135737,14.182293772027712,209.71288531243778,f1304e8025724fc8,75,2,8,16,1099,948.6,0.417,0,0.0,0.0,0.0,True,555,80
0.1326,0.0,0.2167,0.0172,0.284,0.2365,0.2715,1.0,0.4464,2.0,0.0,0.0,0.0,0.0,0.0,0.0,2.0,1.0,0.44732513306408317,10.00566614588145,29.17604574059481,243.5140986581227,1c803239ec9d4ea1,80,2,8,8,991,840.6,0.447,0,0.0,0.0,0.0,True,555,80
0.2632,0.0,0.213,0.0404,0.284,0.267,0.6349,1.0,0.2,2.0,0.0,0.0,0.0,0.0,0.0,0.0,1.0,2.0,0.5499960134736155,9.80754877564963,26.982730196334007,227.04656235716666,2d6421fc2170d78e,79,2,8,8,841,840.6,0.55,0,0.0,0.0,0.0,True,555,80
0.1361,0.0,0.1192,0.0229,0.3205,0.4591,0.5433,0.6667,0.2123,2.0,1.0,0.0,0.0,0.0,0.0,1.0,2.0,1.0,0.5448862532028238,9.798155915659255,14.029139500321559,142.07156879514352,f7baa1b4e0e8b9f9,77,2,8,16,1099,948.6,0.545,0,0.0,0.0,0.0,True,555,80
0.1724,0.0,0.2678,0.083,0.325,0.2893,0.0249,0.6667,0.468,2.0,0.0,1.0,0.0,0.0,0.0,1.0,1.0,1.0,0.43831969383654645,10.022254300072532,27.874597394100114,233.7575017740007,5ed19e831751d095,68,2,8,16,963,962.1,0.438,0,0.0,0.0,0.0,True,555,80
0.1608,0.0,0.2495,0.0788,0.3372,0.4668,0.1242,0.6667,0.2625,2.0,0.0,1.0,0.0,1.0,0.0,1.0,2.0,1.0,0.5239540829547107,9.802842715237066,18.47862282130186,152.90793663122125,dfec6797c8c8f889,78,2,8,16,1149,998.1,0.524,0,0.0,0.0,0.0,True,555,80
0.1965,0.0,0.1779,0.085,0.3205,0.2712,0.0375,0.6667,0.4801,2.0,1.0,0.0,0.0,0.0,0.0,1.0,2.0,1.0,0.43329806186415637,10.010159084606158,14.221739830077112,243.5459247626279,d3b87f4df88e75c5,79,2,8,16,1099,948.6,0.433,0,0.0,0.0,0.0,True,555,80
0.2104,0.0,0.2538,0.0365,0.284,0.4662,0.009,1.0,0.5408,2.0,0.0,0.0,0.0,0.0,0.0,0.0,2.0,1.0,0.40798046282550315,9.80283295222732,27.1242240881008,119.50665541373866,ff15e6a505d0c876,80,2,8,8,991,840.6,0.408,0,0.0,0.0,0.0,True,555,80
0.1068,0.0,0.1562,0.0156,0.284,0.4712,0.6503,1.0,0.4365,2.0,0.0,0.0,0.0,0.0,0.0,0.0,2.0,2.0,0.4514567598065872,8.993527664639158,28.005651687675634,116.82255498120301,e98ef3331b48a933,66,2,8,8,991,840.6,0.451,0,0.0,0.0,0.0,True,555,80
0.1622,0.0,0.25,0.02,0.2961,0.3379,0.119,1.0,0.5133,2.0,0.0,0.0,0.0,1.0,0.0,0.0,1.0,1.0,0.41945049589771816,9.957100452875308,13.17342999850716,207.55628116401917,d860704e7dda473a,78,2,8,8,877,876.6,0.419,0,0.0,0.0,0.0,True,555,80
0.1174,0.0,0.1983,0.0113,0.284,0.4532,0.4002,1.0,0.5014,2.0,0.0,0.0,0.0,0.0,0.0,0.0,2.0,1.0,0.42443438029877373,10.014748705186854,27.203872621623717,126.54121495648066,ae8bc1319eaf08b2,74,2,8,8,991,840.6,0.424,0,0.0,0.0,0.0,True,555,80
0.1478,0.0,0.2167,0.0165,0.284,0.4038,0.2735,1.0,0.3648,2.0,0.0,0.0,0.0,0.0,0.0,0.0,2.0,2.0,0.48132327069012615,9.865460944733776,28.376956044226414,153.19733751129917,7c83ea8d89357c7b,80,2,8,8,991,840.6,0.481,0,0.0,0.0,0.0,True,555,80
0.17,0.0,0.1904,0.0037,0.284,0.2601,0.623,1.0,0.2719,2.0,0.0,0.0,0.0,0.0,0.0,0.0,2.0,1.0,0.5200602842443584,10.033583789728757,15.170600456026582,230.81531316010137,693ddf55775e693d,74,2,8,8,991,840.6,0.52,0,0.0,0.0,0.0,True,555,80
0.1582,0.0,0.2325,0.0684,0.284,0.3381,0.1911,1.0,0.2943,2.0,0.0,0.0,0.0,0.0,0.0,0.0,2.0,1.0,0.5107003714482069,9.794888681176241,28.628452673776042,188.68672619847882,66cfa40d7c92d6ec,65,2,8,8,991,840.6,0.511,0,0.0,0.0,0.0,True,555,80
0.1861,0.0,0.1869,0.0769,0.3205,0.5228,0.0486,0.6667,0.4801,2.0,1.0,0.0,0.0,0.0,0.0,1.0,2.0,2.0,0.4332725943698218,9.732343365475593,12.585398791518447,107.67393570049222,31324d638ebe18fc,79,2,8,16,1207,948.6,0.433,0,0.0,0.0,0.0,True,555,80
0.2118,0.0,0.2534,0.0394,0.284,0.4662,0.0087,1.0,0.5403,2.0,0.0,0.0,0.0,0.0,0.0,0.0,2.0,1.0,0.40818864077770206,8.795962120748243,27.1242240881008,119.50665541373866,841d4dd56a7b679d,68,2,8,8,991,840.6,0.408,0,0.0,0.0,0.0,True,555,80
0.1997,0.0,0.1809,0.0907,0.3205,0.2808,0.0227,0.6667,0.3416,2.0,1.0,0.0,0.0,0.0,0.0,1.0,2.0,1.0,0.4909825172439253,10.010159084606158,14.221739830077112,238.3563017537101,2fb2964d15ef2a00,77,2,8,16,1099,948.6,0.491,0,0.0,0.0,0.0,True,555,80
0.1412,0.0,0.2125,0.0139,0.284,0.4151,0.2923,1.0,0.4137,2.0,0.0,0.0,0.0,0.0,0.0,0.0,1.0,2.0,0.46096219857013143,8.763619897584334,27.98599604819325,147.1203406760514,ad8cbbd708ac8402,76,2,8,8,841,840.6,0.461,0,0.0,0.0,0.0,True,555,80
0.1434,0.0,0.1575,0.0168,0.3326,0.3732,0.1962,0.6667,0.2031,2.0,1.0,0.0,0.0,1.0,0.0,1.0,1.0,2.0,0.5487244935517547,9.673113001704959,14.256375474752465,203.45537530412196,3f2c90c3fd7e823b,77,2,8,16,1093,984.6,0.549,0,0.0,0.0,0.0,True,555,80
0.1793,0.0,0.2143,0.083,0.3615,0.3226,0.0255,0.6667,0.3213,2.0,1.0,1.0,0.0,0.0,0.0,2.0,1.0,1.0,0.4994632574369266,10.0327608527025,27.874597394100114,230.81702206051798,4ae3c26073635ed8,79,2,8,24,1071,1070.1,0.499,0,0.0,0.0,0.0,True,555,80
0.2476,0.0,0.1962,0.0299,0.3372,0.5433,0.674,0.6667,0.2007,2.0,0.0,1.0,0.0,1.0,0.0,1.0,2.0,2.0,0.5496917014004913,10.01845552562013,28.238166678852462,111.62155765773453,c6bd7e5a1942e5c4,77,2,8,16,1149,998.1,0.55,0,0.0,0.0,0.0,True,555,80
0.2289,0.0,0.2412,0.0856,0.284,0.4898,0.0085,1.0,0.2224,2.0,0.0,0.0,0.0,0.0,0.0,0.0,2.0,1.0,0.5406577101975384,9.798228192924677,28.146590725441637,106.7506801495649,22117f10176c9b5a,80,2,8,8,991,840.6,0.541,0,0.0,0.0,0.0,True,555,80
0.1638,0.0,0.1709,0.0176,0.3326,0.5388,0.1848,0.6667,0.3708,2.0,1.0,0.0,0.0,1.0,0.0,1.0,2.0,1.0,0.4788210845498392,8.763619897584334,14.74258664564277,114.03002296420004,378e3010f804cf78,79,2,8,16,1135,984.6,0.479,0,0.0,0.0,0.0,True,555,80
0.2301,0.0,0.2534,0.0306,0.284,0.4168,0.0,1.0,0.2069,2.0,0.0,0.0,0.0,0.0,0.0,0.0,2.0,1.0,0.5471138465703194,9.804837396749859,27.37929293477761,146.19367766159436,c0c7403ba3536974,79,2,8,8,991,840.6,0.547,0,0.0,0.0,0.0,True,555,80
0.234,0.0,0.2258,0.1307,0.3137,0.178,0.27,1.0,0.2871,3.0,0.0,0.0,0.0,0.0,0.0,0.0,1.0,2.0,0.47202716244746057,15.059942685856667,12.600410402844005,218.8552578340388,6bb8b2aa0032a770,60,3,12,8,929,928.6,0.472,0,0.0,0.0,0.0,True,42,80
0.2273,0.0,0.1584,0.113,0.3502,0.1747,0.3117,0.6667,0.2286,3.0,1.0,0.0,0.0,0.0,0.0,1.0,2.0,2.0,0.4964289088567161,14.34500981263424,12.409843940508482,243.15712393714847,5d2e8dd76b2016b6,64,3,12,16,1295,1036.6,0.496,0,0.0,0.0,0.0,True,42,80
0.2598,0.0,0.1874,0.0953,0.3137,0.1771,0.34,1.0,0.3512,3.0,0.0,0.0,0.0,0.0,0.0,0.0,1.0,1.0,0.445351741898405,15.006278874995118,12.550143316284625,219.35864052449503,a41dc186ff150b57,73,3,12,8,929,928.6,0.445,0,0.0,0.0,0.0,True,42,80
0.2501,0.0,0.153,0.0885,0.3502,0.2057,0.3233,0.6667,0.3953,3.0,1.0,0.0,0.0,0.0,0.0,1.0,2.0,2.0,0.4269663467379996,14.37886553387183,12.571132511134417,226.42766709046015,de6e03c8d3056818,74,3,12,16,1295,1036.6,0.427,0,0.0,0.0,0.0,True,42,80
0.2356,0.0,0.2576,0.1255,0.3137,0.105,0.3266,1.0,0.3074,3.0,0.0,0.0,0.0,0.0,0.0,0.0,2.0,1.0,0.463579964425,14.105395708679952,13.256713188950414,258.3041611913849,9f6492c429e9adba,76,3,12,8,1079,928.6,0.464,0,0.0,0.0,0.0,True,42,80
0.1616,0.0,0.2133,0.075,0.3502,0.2324,0.5194,0.6667,0.3015,3.0,1.0,0.0,0.0,0.0,0.0,1.0,2.0,2.0,0.4660473789568188,15.018513211783404,12.592451345141088,212.01349937790977,bbfc940dcb7af2a3,79,3,12,16,1295,1036.6,0.466,0,0.0,0.0,0.0,True,42,80
0.2398,0.0,0.2225,0.1204,0.3137,0.1264,0.2657,1.0,0.4063,3.0,0.0,0.0,0.0,0.0,0.0,0.0,1.0,2.0,0.4223817324637409,15.046695874937752,13.351578831372066,246.7310501066181,34a95b6f1f5693cd,79,3,12,8,929,928.6,0.422,0,0.0,0.0,0.0,True,42,80
0.2473,0.0,0.2104,0.0699,0.3137,0.1683,0.3526,1.0,0.3019,3.0,0.0,0.0,0.0,0.0,0.0,0.0,1.0,2.0,0.4658588065661377,14.42109990045679,13.289041230614709,224.10486571687574,9d62a11660617fbf,79,3,12,8,929,928.6,0.466,0,0.0,0.0,0.0,True,42,80
0.1905,0.0,0.1745,0.1085,0.3502,0.3221,0.4011,0.6667,0.2272,3.0,1.0,0.0,0.0,0.0,0.0,1.0,2.0,2.0,0.49699582159526245,14.361568385721437,13.363762924668247,163.55516110847609,a99e518fd8d90f83,79,3,12,16,1295,1036.6,0.497,0,0.0,0.0,0.0,True,42,80
0.2422,0.0,0.25,0.1273,0.3137,0.0991,0.2738,1.0,0.2865,3.0,0.0,0.0,0.0,0.0,0.0,0.0,2.0,2.0,0.47228878629085114,15.04966752567949,12.424761031336418,261.5113957889768,1b4177ad8ecfc421,79,3,12,8,1079,928.6,0.472,0,0.0,0.0,0.0,True,42,80
0.2417,0.0,0.23,0.1324,0.3259,0.149,0.2422,1.0,0.2445,3.0,0.0,0.0,0.0,1.0,0.0,0.0,2.0,2.0,0.48977413485963983,13.238727996098572,12.579178300320784,257.0665263254743,9c3aeb507e7763df,79,3,12,8,1115,964.6,0.49,0,0.0,0.0,0.0,True,42,80
0.1986,0.0,0.2367,0.0846,0.3259,0.1758,0.4309,1.0,0.1968,3.0,0.0,0.0,0.0,1.0,0.0,0.0,1.0,2.0,0.5096579812302693,15.662955707497217,12.467960320712724,242.5878373085385,75b89d54a4ac754c,79,3,12,8,965,964.6,0.51,0,0.0,0.0,0.0,True,42,80
0.2115,0.0,0.2017,0.1546,0.3259,0.1559,0.3243,1.0,0.2605,3.0,0.0,0.0,0.0,1.0,0.0,0.0,1.0,2.0,0.48311083918872766,15.049106053415375,12.601366929337514,253.30854365393148,c0377650f826713c,79,3,12,8,965,964.6,0.483,0,0.0,0.0,0.0,True,42,80
0.2185,0.0,0.1921,0.1238,0.3624,0.2396,0.3385,0.6667,0.2873,3.0,1.0,0.0,0.0,1.0,0.0,1.0,2.0,1.0,0.4719744050747064,14.388530007858693,13.806543987415573,226.51584377613324,28836189c6fd87f1,80,3,12,16,1223,1072.6,0.472,0,0.0,0.0,0.0,True,42,80
0.1558,0.0,0.2028,0.0796,0.3502,0.2324,0.5158,0.6667,0.3015,3.0,1.0,0.0,0.0,0.0,0.0,1.0,2.0,2.0,0.4660473789568188,15.018513211783404,12.592451345141088,212.01349937790977,6ce42a7da2c0ba26,80,3,12,16,1295,1036.6,0.466,0,0.0,0.0,0.0,True,42,80
0.204,0.0,0.21,0.1261,0.3137,0.1263,0.3872,1.0,0.355,3.0,0.0,0.0,0.0,0.0,0.0,0.0,2.0,2.0,0.4437293611823939,15.052041609312333,12.436730685000033,246.7848192327422,bd0d64a469678f82,80,3,12,8,1079,928.6,0.444,0,0.0,0.0,0.0,True,42,80
0.2056,0.0,0.1838,0.1033,0.3502,0.1666,0.4044,0.6667,0.3937,3.0,1.0,0.0,0.0,0.0,0.0,1.0,1.0,2.0,0.42761010458762816,14.331915776633199,13.806129878049138,247.53833749718945,5f9f5b402f524f85,80,3,12,16,1145,1036.6,0.428,0,0.0,0.0,0.0,True,42,80
0.1986,0.0,0.2367,0.0846,0.3259,0.1758,0.4309,1.0,0.1968,3.0,0.0,0.0,0.0,1.0,0.0,0.0,1.0,2.0,0.5096579812302693,15.662955707497217,12.890020279644773,242.5878373085385,8a0588457e4f65e8,80,3,12,8,965,964.6,0.51,0,0.0,0.0,0.0,True,42,80
0.192,0.0,0.1956,0.087,0.3624,0.2546,0.403,0.6667,0.2709,3.0,1.0,0.0,0.0,1.0,0.0,1.0,2.0,2.0,0.478791705118079,15.0520212609862,13.266424700106302,218.4045487694461,95792421bd085c46,79,3,12,16,1331,1072.6,0.479,0,0.0,0.0,0.0,True,42,80
0.2054,0.0,0.2139,0.125,0.3548,0.1688,0.3736,0.6667,0.355,3.0,0.0,1.0,0.0,0.0,0.0,1.0,2.0,2.0,0.4437293611823939,15.05120998821523,12.436730685000033,246.3482954491775,4c575c7506f2345b,80,3,12,16,1201,1050.1,0.444,0,0.0,0.0,0.0,True,42,80
0.2444,0.0,0.1568,0.1003,0.3502,0.2103,0.3209,0.6667,0.3749,3.0,1.0,0.0,0.0,0.0,0.0,1.0,1.0,1.0,0.43545062878040736,15.01365796534196,12.580160149914464,223.96302613478372,65b6cc7fab404341,77,3,12,16,1037,1036.6,0.435,0,0.0,0.0,0.0,True,42,80
0.1755,0.0,0.2046,0.0839,0.3548,0.226,0.476,0.6667,0.3482,3.0,0.0,1.0,0.0,0.0,0.0,1.0,1.0,2.0,0.4465819068569348,13.384374756795877,13.233053156835783,215.44198538885885,8d7f8de374bd673b,80,3,12,16,1051,1050.1,0.447,0,0.0,0.0,0.0,True,42,80
0.1886,0.0,0.2004,0.0743,0.3502,0.2324,0.4579,0.6667,0.2535,3.0,1.0,0.0,0.0,0.0,0.0,1.0,2.0,2.0,0.48605773297974264,15.698649010279237,12.397770029144498,212.01349937790977,1e78db699dd87afc,70,3,12,16,1295,1036.6,0.486,0,0.0,0.0,0.0,True,42,80
0.2488,0.0,0.2057,0.0804,0.3137,0.1185,0.4083,1.0,0.3682,3.0,0.0,0.0,0.0,0.0,0.0,0.0,1.0,2.0,0.4382364276505122,14.75399773484715,12.550143316284625,250.98447217372285,1359df6fb3c7aa36,80,3,12,8,929,928.6,0.438,0,0.0,0.0,0.0,True,42,80
0.2496,0.0,0.1638,0.08,0.3502,0.1644,0.4066,0.6667,0.3613,3.0,1.0,0.0,0.0,0.0,0.0,1.0,1.0,2.0,0.4411425378686903,14.75399773484715,12.550143316284625,248.74199327278728,ed0a99e7df65c7c8,73,3,12,16,1145,1036.6,0.441,0,0.0,0.0,0.0,True,42,80
0.1772,0.0,0.1677,0.0859,0.3502,0.311,0.4364,0.6667,0.3395,3.0,1.0,0.0,0.0,0.0,0.0,1.0,2.0,2.0,0.4502103878805389,14.359689019802392,12.603063098955598,169.57008073215877,26e8cc1550230e83,76,3,12,16,1295,1036.6,0.45,0,0.0,0.0,0.0,True,42,80
0.2054,0.0,0.2139,0.125,0.3548,0.1688,0.3736,0.6667,0.355,3.0,0.0,1.0,0.0,0.0,0.0,1.0,2.0,2.0,0.4437293611823939,15.05120998821523,12.436730685000033,246.3482954491775,0c1efbd8c8d353fa,79,3,12,16,1201,1050.1,0.444,0,0.0,0.0,0.0,True,42,80
0.2051,0.0,0.2198,0.1392,0.3624,0.2546,0.3632,0.6667,0.2709,3.0,1.0,0.0,0.0,1.0,0.0,1.0,2.0,2.0,0.47878965130044754,15.04375262171183,13.266424700106302,218.4045487694461,0929e5c419943c4b,78,3,12,16,1331,1072.6,0.479,0,0.0,0.0,0.0,True,42,80
0.2235,0.0,0.196,0.1277,0.3502,0.1401,0.3124,0.6667,0.2155,3.0,1.0,0.0,0.0,0.0,0.0,1.0,2.0,2.0,0.5018823161186534,15.04966752567949,12.424761031336418,261.8313375616883,dcbb95c6c507779d,80,3,12,16,1295,1036.6,0.502,0,0.0,0.0,0.0,True,42,80
0.1831,0.0,0.1985,0.0837,0.3137,0.128,0.4696,1.0,0.3206,3.0,0.0,0.0,0.0,0.0,0.0,0.0,2.0,2.0,0.45808337130550475,14.766491076907444,12.425324949564494,245.8801529781013,05585fd899624b02,75,3,12,8,1079,928.6,0.458,0,0.0,0.0,0.0,True,42,80
0.1913,0.0,0.2061,0.1017,0.3502,0.2044,0.4191,0.6667,0.2447,3.0,1.0,0.0,0.0,0.0,0.0,1.0,1.0,2.0,0.4897289439002507,15.047702398513342,12.570555604772146,227.12107943251016,f88419545e01aa05,74,3,12,16,1145,1036.6,0.49,0,0.0,0.0,0.0,True,42,80
0.1731,0.0,0.1951,0.091,0.3548,0.2257,0.4963,0.6667,0.3608,3.0,0.0,1.0,0.0,0.0,0.0,1.0,2.0,2.0,0.4413497958043177,15.036021102403241,13.356546193973708,215.62154521069766,94e6b3587039be7c,75,3,12,16,1201,1050.1,0.441,0,0.0,0.0,0.0,True,42,80
0.1952,0.0,0.215,0.0818,0.3137,0.1559,0.4361,1.0,0.277,3.0,0.0,0.0,0.0,0.0,0.0,0.0,2.0,2.0,0.47624005500923144,14.05526540137778,12.425935079493836,230.83307802603915,dfe130e7a63ce1da,64,3,12,8,1079,928.6,0.476,0,0.0,0.0,0.0,True,42,80
0.2238,0.0,0.2075,0.1051,0.3548,0.149,0.3093,0.6667,0.2801,3.0,0.0,1.0,0.0,0.0,0.0,1.0,1.0,1.0,0.4749425191314656,13.366399582014639,13.312594154685263,257.0665263254743,b3009fe140d699f5,80,3,12,16,1051,1050.1,0.475,0,0.0,0.0,0.0,True,42,80
0.2339,0.0,0.2416,0.1208,0.3259,0.1739,0.3187,1.0,0.2225,3.0,0.0,0.0,0.0,1.0,0.0,0.0,1.0,2.0,0.498978264783176,15.719548864150733,13.291257635745396,243.57782918564095,31953b154597f0d0,71,3,12,8,965,964.6,0.499,0,0.0,0.0,0.0,True,42,80
0.2206,0.0,0.245,0.1254,0.3137,0.105,0.3561,1.0,0.237,3.0,0.0,0.0,0.0,0.0,0.0,0.0,2.0,1.0,0.49290738830203745,14.12568740896671,13.256713188950414,258.3041611913849,2f79b2561d71988a,79,3,12,8,1079,928.6,0.493,0,0.0,0.0,0.0,True,42,80
0.1997,0.0,0.1879,0.1245,0.3502,0.3187,0.3638,0.6667,0.3382,3.0,1.0,0.0,0.0,0.0,0.0,1.0,2.0,1.0,0.45074660148137535,14.082047286065482,13.258037663715783,165.4035151346166,9f51aeb01fd9e7b0,79,3,12,16,1187,1036.6,0.451,0,0.0,0.0,0.0,True,42,80
0.2427,0.0,0.1608,0.0963,0.3502,0.1527,0.3694,0.6667,0.3794,3.0,1.0,0.0,0.0,0.0,0.0,1.0,1.0,1.0,0.4335867131377824,15.818911421944183,13.296656153559296,255.04851276447596,847e9d95b3fbbcf7,77,3,12,16,1037,1036.6,0.434,0,0.0,0.0,0.0,True,42,80
0.2015,0.0,0.2293,0.1284,0.3137,0.1237,0.3969,1.0,0.2327,3.0,0.0,0.0,0.0,0.0,0.0,0.0,1.0,1.0,0.49471140415322634,14.782164767865739,12.6051053716355,248.22592879702802,dc2c7f7309e83e62,67,3,12,8,929,928.6,0.495,0,0.0,0.0,0.0,True,42,80
0.2191,0.0,0.2323,0.1222,0.3137,0.1301,0.3325,1.0,0.2849,3.0,0.0,0.0,0.0,0.0,0.0,0.0,1.0,2.0,0.4729758517043824,15.720571832954137,12.579833984667461,244.7288456465549,63c09fc687b2f21b,71,3,12,8,929,928.6,0.473,0,0.0,0.0,0.0,True,42,80
0.1989,0.0,0.1891,0.1116,0.3137,0.2805,0.3798,1.0,0.227,3.0,0.0,0.0,0.0,0.0,0.0,0.0,1.0,2.0,0.49710111968009113,14.361568385721437,12.396922041821668,163.55516110847609,520eb97a32a1a389,80,3,12,8,929,928.6,0.497,0,0.0,0.0,0.0,True,42,80
0.2306,0.0,0.1714,0.1003,0.3502,0.1479,0.3027,0.6667,0.3091,3.0,1.0,0.0,0.0,0.0,0.0,1.0,2.0,2.0,0.46287976328959507,14.368700117373528,12.571132511134417,257.6119035004345,b470459386b4026c,78,3,12,16,1295,1036.6,0.463,0,0.0,0.0,0.0,True,42,80
0.2076,0.0,0.177,0.1016,0.3624,0.2389,0.3586,0.6667,0.2447,3.0,1.0,0.0,0.0,1.0,0.0,1.0,1.0,2.0,0.4897289439002507,13.327847637334644,12.572038463517822,226.89142406188566,465fe2d2e1da2604,77,3,12,16,1181,1072.6,0.49,0,0.0,0.0,0.0,True,42,80
0.2244,0.0,0.1752,0.0991,0.3502,0.1682,0.3154,0.6667,0.4054,3.0,1.0,0.0,0.0,0.0,0.0,1.0,2.0,2.0,0.4227306054650114,15.047852061919844,13.351578831372066,246.66136831210352,ee4fbec96e08b3fc,78,3,12,16,1295,1036.6,0.423,0,0.0,0.0,0.0,True,42,80
0.1809,0.0,0.1946,0.1089,0.3548,0.1752,0.4693,0.6667,0.3341,3.0,0.0,1.0,0.0,0.0,0.0,1.0,2.0,2.0,0.4524788184254949,15.036021102403241,13.327351572309048,242.88990675090866,c73b995357cc533e,78,3,12,16,1201,1050.1,0.452,0,0.0,0.0,0.0,True,42,80
0.1719,0.0,0.222,0.0904,0.3137,0.1368,0.4817,1.0,0.2794,3.0,0.0,0.0,0.0,0.0,0.0,0.0,2.0,1.0,0.475267085457669,13.45856029202837,12.594753880110806,241.14518374038275,f1e5f43f94ab30a3,79,3,12,8,1079,928.6,0.475,0,0.0,0.0,0.0,True,42,80
0.2214,0.0,0.2002,0.1084,0.3137,0.1802,0.3303,1.0,0.3868,3.0,0.0,0.0,0.0,0.0,0.0,0.0,1.0,2.0,0.43048570175101897,13.358084914844328,13.233035898970018,217.7161030327021,aea535ea21cce87c,75,3,12,8,929,928.6,0.43,0,0.0,0.0,0.0,True,42,80
0.2171,0.0,0.2232,0.1184,0.3137,0.1606,0.3384,1.0,0.3682,3.0,0.0,0.0,0.0,0.0,0.0,0.0,1.0,1.0,0.4382638718484498,15.022992682572102,12.42410633939173,228.29454851170203,58cc9ff0f7818c47,78,3,12,8,929,928.6,0.438,0,0.0,0.0,0.0,True,42,80
0.2099,0.0,0.2014,0.0886,0.3502,0.1894,0.3611,0.6667,0.2036,3.0,1.0,0.0,0.0,0.0,0.0,1.0,1.0,2.0,0.506818194469393,15.094178325981563,13.276054983036138,235.23239574507872,b6e485bb8fe9f0e7,80,3,12,16,1145,1036.6,0.507,0,0.0,0.0,0.0,True,42,80
0.1742,0.0,0.1809,0.1144,0.3137,0.1659,0.4435,1.0,0.3038,3.0,0.0,0.0,0.0,0.0,0.0,0.0,1.0,2.0,0.4650939921076185,14.412885156937167,12.397055824938727,225.43280081890632,169aa3aba5b6d6d2,80,3,12,8,929,928.6,0.465,0,0.0,0.0,0.0,True,42,80
0.2106,0.0,0.1936,0.1452,0.3502,0.2213,0.3176,0.6667,0.3398,3.0,1.0,0.0,0.0,0.0,0.0,1.0,2.0,2.0,0.45010094451842636,15.03673075166631,12.600410402844005,218.01439357472773,af17595070011efe,79,3,12,16,1295,1036.6,0.45,0,0.0,0.0,0.0,True,42,80
0.2264,0.0,0.234,0.1327,0.3137,0.1558,0.3067,1.0,0.2199,3.0,0.0,0.0,0.0,0.0,0.0,0.0,2.0,2.0,0.5000600756490496,13.543089065461404,12.600145472256578,230.85208842437146,f162b464ce69c321,78,3,12,8,1079,928.6,0.5,0,0.0,0.0,0.0,True,42,80
0.2026,0.0,0.2391,0.1197,0.3548,0.1687,0.3834,0.6667,0.3554,3.0,0.0,1.0,0.0,0.0,0.0,1.0,1.0,2.0,0.44360299787013097,15.05120998821523,12.436730685000033,246.38598088418811,3ff0a890ea255857,71,3,12,16,1051,1050.1,0.444,0,0.0,0.0,0.0,True,42,80
0.2434,0.0,0.2221,0.1256,0.3259,0.1843,0.2545,1.0,0.3966,3.0,0.0,0.0,0.0,1.0,0.0,0.0,2.0,1.0,0.4263983573491224,15.063026879321203,13.304361404436396,238.00386210408755,ecf2e4b608580b4e,80,3,12,8,1115,964.6,0.426,0,0.0,0.0,0.0,True,42,80
0.2066,0.0,0.1944,0.0854,0.3137,0.1092,0.4007,1.0,0.2649,3.0,0.0,0.0,0.0,0.0,0.0,0.0,1.0,2.0,0.48130633747560797,15.049474268469147,11.773167273466871,256.0095268484906,e6afb336bae203ca,73,3,12,8,929,928.6,0.481,0,0.0,0.0,0.0,True,42,80
0.2562,0.0,0.2176,0.0987,0.3137,0.1339,0.3013,1.0,0.2359,3.0,0.0,0.0,0.0,0.0,0.0,0.0,1.0,1.0,0.49338399931348786,14.347861310273682,12.54285718887294,242.67393917657782,6af7e4ebbf3497d2,80,3,12,8,929,928.6,0.493,0,0.0,0.0,0.0,True,42,80
0.2037,0.0,0.2325,0.0842,0.3137,0.105,0.4244,1.0,0.237,3.0,0.0,0.0,0.0,0.0,0.0,0.0,2.0,1.0,0.49290738830203745,14.081951411695467,13.256713188950414,258.3041611913849,61132cb60545d6c3,80,3,12,8,1079,928.6,0.493,0,0.0,0.0,0.0,True,42,80
0.2034,0.0,0.1604,0.0825,0.3502,0.311,0.3797,0.6667,0.2862,3.0,1.0,0.0,0.0,0.0,0.0,1.0,2.0,1.0,0.4723974654377278,14.41304984480958,12.603063098955598,169.57008073215877,a72c5c70f152c645,79,3,12,16,1187,1036.6,0.472,0,0.0,0.0,0.0,True,42,80
0.2453,0.0,0.2046,0.0938,0.3137,0.1898,0.3651,1.0,0.2246,3.0,0.0,0.0,0.0,0.0,0.0,0.0,2.0,1.0,0.49807146350991865,14.77200568578135,12.600016622113813,212.50297396065315,cf0a01ab62563de3,76,3,12,8,1079,928.6,0.498,0,0.0,0.0,0.0,True,42,80
0.2173,0.0,0.17,0.0849,0.3502,0.1682,0.3428,0.6667,0.2399,3.0,1.0,0.0,0.0,0.0,0.0,1.0,2.0,2.0,0.4917230421636301,15.047852061919844,13.351578831372066,246.66136831210352,a530b74cd1599bb5,76,3,12,16,1295,1036.6,0.492,0,0.0,0.0,0.0,True,42,80
0.1642,0.0,0.2016,0.0927,0.3137,0.1756,0.5159,1.0,0.3281,3.0,0.0,0.0,0.0,0.0,0.0,0.0,2.0,2.0,0.45497560063973697,14.415804732083755,12.396387952431615,220.1999013918637,0e3ba29f4e4a57c8,80,3,12,8,1079,928.6,0.455,0,0.0,0.0,0.0,True,42,80
0.1888,0.0,0.2004,0.0766,0.3502,0.2324,0.455,0.6667,0.2517,3.0,1.0,0.0,0.0,0.0,0.0,1.0,2.0,2.0,0.48680825260036265,15.698649010279237,12.397770029144498,212.01349937790977,3a94d9563a8caa21,79,3,12,16,1295,1036.6,0.487,0,0.0,0.0,0.0,True,42,80
0.2401,0.0,0.2257,0.1337,0.3502,0.2235,0.2478,0.6667,0.2671,3.0,1.0,0.0,0.0,0.0,0.0,1.0,1.0,2.0,0.48038947072336796,14.776217018197348,12.430132455980804,216.80652791904856,a4815fe6b49b0c01,79,3,12,16,1145,1036.6,0.48,0,0.0,0.0,0.0,True,42,80
0.1645,0.0,0.1887,0.0933,0.3137,0.1659,0.5152,1.0,0.3281,3.0,0.0,0.0,0.0,0.0,0.0,0.0,2.0,2.0,0.45497560063973697,14.412885156937167,12.396387952431615,225.43280081890632,c7eee4c1a021f42a,77,3,12,8,1079,928.6,0.455,0,0.0,0.0,0.0,True,42,80
0.2137,0.0,0.2013,0.1252,0.3502,0.1467,0.3669,0.6667,0.3701,3.0,1.0,0.0,0.0,0.0,0.0,1.0,1.0,1.0,0.43745905099956306,14.99661513566268,12.992625672586525,258.3041611913849,48e98155ec617b60,77,3,12,16,1037,1036.6,0.437,0,0.0,0.0,0.0,True,42,80
0.2522,0.0,0.1937,0.0969,0.3137,0.1426,0.3004,1.0,0.3966,3.0,0.0,0.0,0.0,0.0,0.0,0.0,1.0,1.0,0.4263983573491224,14.36329142468918,12.578952916205626,238.00386210408755,062813811ee24c44,79,3,12,8,929,928.6,0.426,0,0.0,0.0,0.0,True,42,80
0.2546,0.0,0.1686,0.1008,0.3502,0.21,0.3003,0.6667,0.3044,3.0,1.0,0.0,0.0,0.0,0.0,1.0,2.0,1.0,0.46484003896510684,14.401780139637125,12.579880543514031,224.10592751007323,ef2ccc7315cf0442,71,3,12,16,1187,1036.6,0.465,0,0.0,0.0,0.0,True,42,80
0.2043,0.0,0.1932,0.0841,0.3137,0.128,0.3705,1.0,0.3206,3.0,0.0,0.0,0.0,0.0,0.0,0.0,1.0,2.0,0.45808337130550475,14.773753783070083,12.439153967243266,245.8801529781013,18311dbb68320b12,79,3,12,8,929,928.6,0.458,0,0.0,0.0,0.0,True,42,80
0.2015,0.0,0.2254,0.1168,0.3137,0.1797,0.3881,1.0,0.2577,3.0,0.0,0.0,0.0,0.0,0.0,0.0,2.0,2.0,0.4842931825450736,15.116383277369508,12.435745023432451,217.94477848585373,24e44c43c99f07f5,80,3,12,8,1079,928.6,0.484,0,0.0,0.0,0.0,True,42,80
0.227,0.0,0.2268,0.121,0.3502,0.2171,0.2811,0.6667,0.2595,3.0,1.0,0.0,0.0,0.0,0.0,1.0,1.0,2.0,0.48355066043564554,15.087629920800572,12.426193814866561,220.24794278472305,7543de0bcb440a2e,78,3,12,16,1145,1036.6,0.484,0,0.0,0.0,0.0,True,42,80
0.2239,0.0,0.2515,0.1251,0.3137,0.105,0.345,1.0,0.237,3.0,0.0,0.0,0.0,0.0,0.0,0.0,2.0,1.0,0.49290738830203745,14.105395708679952,13.256713188950414,258.3041611913849,963e61e8b0a15561,78,3,12,8,1079,928.6,0.493,0,0.0,0.0,0.0,True,42,80
0.18,0.0,0.1902,0.0891,0.3137,0.1342,0.3996,1.0,0.2162,3.0,0.0,0.0,0.0,0.0,0.0,0.0,1.0,2.0,0.5015887168961807,15.668663290038559,12.408938626779298,242.5253745939345,1f6b3e11a90202a1,80,3,12,8,929,928.6,0.502,0,0.0,0.0,0.0,True,42,80
0.25,0.0,0.1864,0.0707,0.3137,0.1071,0.3235,1.0,0.3933,3.0,0.0,0.0,0.0,0.0,0.0,0.0,1.0,2.0,0.4277734197614375,14.37886553387183,12.571132511134417,257.1881461360754,66c54c7634076a69,75,3,12,8,929,928.6,0.428,0,0.0,0.0,0.0,True,42,80
0.1649,0.0,0.1894,0.1101,0.3502,0.3191,0.511,0.6667,0.227,3.0,1.0,0.0,0.0,0.0,0.0,1.0,2.0,2.0,0.49710111968009113,14.361568385721437,12.405096078166915,165.20381584650065,5a4716e4edd68868,77,3,12,16,1295,1036.6,0.497,0,0.0,0.0,0.0,True,42,80
0.2019,0.0,0.2379,0.1251,0.3137,0.1917,0.3867,1.0,0.2574,3.0,0.0,0.0,0.0,0.0,0.0,0.0,1.0,2.0,0.4843974259664938,15.116383277369508,12.435745023432451,211.5016923011836,5d6a0fba3c049aa6,79,3,12,8,929,928.6,0.484,0,0.0,0.0,0.0,True,42,80
0.2595,0.0,0.1599,0.0959,0.3502,0.2188,0.3404,0.6667,0.3512,3.0,1.0,0.0,0.0,0.0,0.0,1.0,2.0,2.0,0.445351741898405,15.007144691448644,12.546139073941287,219.35864052449503,22d56ef7bbd8394b,79,3,12,16,1295,1036.6,0.445,0,0.0,0.0,0.0,True,42,80
0.2543,0.0,0.1933,0.0963,0.3137,0.1071,0.2957,1.0,0.3933,3.0,0.0,0.0,0.0,0.0,0.0,0.0,1.0,2.0,0.4277734197614375,14.37886553387183,12.571132511134417,257.1881461360754,c38bd76b670b9169,76,3,12,8,929,928.6,0.428,0,0.0,0.0,0.0,True,42,80
0.1932,0.0,0.2037,0.1094,0.3137,0.1034,0.4487,1.0,0.227,3.0,0.0,0.0,0.0,0.0,0.0,0.0,2.0,1.0,0.49710111968009113,14.097758481435491,12.38375423694306,259.19030406158754,cab9375eab08089a,78,3,12,8,1079,928.6,0.497,0,0.0,0.0,0.0,True,42,80
0.2367,0.0,0.2145,0.1273,0.3502,0.1407,0.2873,0.6667,0.2865,3.0,1.0,0.0,0.0,0.0,0.0,1.0,2.0,2.0,0.47228878629085114,15.05522925567831,12.421401993404823,261.5113957889768,4a79102d84aae446,80,3,12,16,1295,1036.6,0.472,0,0.0,0.0,0.0,True,42,80
0.1566,0.0,0.2017,0.1134,0.3137,0.1659,0.5157,1.0,0.3019,3.0,0.0,0.0,0.0,0.0,0.0,0.0,2.0,2.0,0.4658560259239013,14.412885156937167,12.397055824938727,225.43280081890632,efa5c88a9c038d7c,74,3,12,8,1079,928.6,0.466,0,0.0,0.0,0.0,True,42,80
0.2035,0.0,0.2355,0.0812,0.3137,0.1042,0.4326,1.0,0.2772,3.0,0.0,0.0,0.0,0.0,0.0,0.0,2.0,2.0,0.47615148270329966,14.108618970433984,12.425935079493836,258.7162052222122,8feecb60670a34bb,79,3,12,8,1079,928.6,0.476,0,0.0,0.0,0.0,True,42,80
0.2309,0.0,0.2241,0.1324,0.3137,0.107,0.2664,1.0,0.2445,3.0,0.0,0.0,0.0,0.0,0.0,0.0,2.0,2.0,0.48977413485963983,13.238727996098572,12.569953291350734,257.19308471053813,6dff0b4fee03cac4,80,3,12,8,1079,928.6,0.49,0,0.0,0.0,0.0,True,42,80
0.173,0.0,0.2137,0.1184,0.3502,0.1435,0.4852,0.6667,0.3065,3.0,1.0,0.0,0.0,0.0,0.0,1.0,2.0,1.0,0.4639405314585392,14.101005506816437,13.256713188950414,260.0304685331,4d15f5f5d4ebd837,79,3,12,16,1187,1036.6,0.464,0,0.0,0.0,0.0,True,42,80
0.1759,0.0,0.1765,0.0779,0.3502,0.1864,0.4564,0.6667,0.2947,3.0,1.0,0.0,0.0,0.0,0.0,1.0,2.0,2.0,0.4688895518083844,15.038520797655629,12.53659979831397,236.8318156224282,045996e427461397,73,3,12,16,1295,1036.6,0.469,0,0.0,0.0,0.0,True,42,80
0.2355,0.0,0.2423,0.1221,0.3137,0.1301,0.3151,1.0,0.2235,3.0,0.0,0.0,0.0,0.0,0.0,0.0,1.0,2.0,0.49852741328837724,15.720694753796495,12.579435614556955,244.7288456465549,afca2da73625a191,66,3,12,8,929,928.6,0.499,0,0.0,0.0,0.0,True,42,80
0.2374,0.0,0.1872,0.1522,0.3502,0.2209,0.2628,0.6667,0.2865,3.0,1.0,0.0,0.0,0.0,0.0,1.0,1.0,2.0,0.4722880220756153,15.059942685856667,12.600410402844005,218.22739355151458,a7db5aeed9bae9ad,71,3,12,16,1145,1036.6,0.472,0,0.0,0.0,0.0,True,42,80
0.2389,0.0,0.2201,0.1374,0.3548,0.149,0.2627,0.6667,0.2851,3.0,0.0,1.0,0.0,0.0,0.0,1.0,2.0,2.0,0.47286324726118567,15.049633895800458,11.747987823970032,257.0665263254743,24977804bac1a1fb,68,3,12,16,1201,1050.1,0.473,0,0.0,0.0,0.0,True,42,80
0.2149,0.0,0.2259,0.1281,0.3137,0.1558,0.3396,1.0,0.2946,3.0,0.0,0.0,0.0,0.0,0.0,0.0,2.0,1.0,0.46890439499912495,15.038520797655629,12.599925401793964,230.85096778320263,af24bb877952310f,79,3,12,8,1079,928.6,0.469,0,0.0,0.0,0.0,True,42,80
0.2369,0.0,0.1892,0.1528,0.3502,0.2359,0.2647,0.6667,0.2863,3.0,1.0,0.0,0.0,0.0,0.0,1.0,1.0,1.0,0.4723922654970356,15.090091576673498,12.600410402844005,210.1258393769509,3ccab095d3855922,80,3,12,16,1037,1036.6,0.472,0,0.0,0.0,0.0,True,42,80
0.1936,0.0,0.1994,0.0849,0.3502,0.193,0.3921,0.6667,0.2191,3.0,1.0,0.0,0.0,0.0,0.0,1.0,2.0,2.0,0.500377540028385,15.098852896789978,13.266424700106302,233.28696597215077,d982cca34c3e553a,78,3,12,16,1295,1036.6,0.5,0,0.0,0.0,0.0,True,42,80
0.1813,0.0,0.2066,0.1104,0.3502,0.1784,0.4449,0.6667,0.2794,3.0,1.0,0.0,0.0,0.0,0.0,1.0,1.0,2.0,0.475267085457669,13.45856029202837,12.595824716492722,241.14518374038275,af18c5d0d090b07a,80,3,12,16,1145,1036.6,0.475,0,0.0,0.0,0.0,True,42,80
0.2404,0.0,0.2239,0.1273,0.3259,0.1843,0.2485,1.0,0.3966,3.0,0.0,0.0,0.0,1.0,0.0,0.0,2.0,2.0,0.4263983573491224,13.30113711724391,12.57895204609872,238.00386210408755,554f99354b24f9ca,80,3,12,8,1115,964.6,0.426,0,0.0,0.0,0.0,True,42,80
0.2286,0.0,0.1407,0.0274,0.3137,0.2709,0.6638,1.0,0.4298,3.0,0.0,0.0,0.0,0.0,0.0,0.0,2.0,1.0,0.4126020207936659,15.29151870303046,28.82161234581088,168.71559225805956,c8eeaac8d4d11e37,62,3,12,8,1079,928.6,0.413,0,0.0,0.0,0.0,True,7,80
0.1867,0.0,0.1739,0.0261,0.3137,0.2995,0.6888,1.0,0.4021,3.0,0.0,0.0,0.0,0.0,0.0,0.0,1.0,2.0,0.424145632040372,16.940468067829897,26.79169544873103,153.25799853706417,bda1578ad924f6f6,79,3,12,8,929,928.6,0.424,0,0.0,0.0,0.0,True,7,80
0.1451,0.0,0.1421,0.0307,0.3137,0.265,0.6164,1.0,0.3832,3.0,0.0,0.0,0.0,0.0,0.0,0.0,2.0,1.0,0.4320040377751491,9.932208909111262,17.18280933771693,171.90811154593914,8705969ca7cfca86,72,3,12,8,1079,928.6,0.432,0,0.0,0.0,0.0,True,123,80
0.1841,0.0,0.1946,0.0473,0.3912,0.2562,0.4833,0.3333,0.3931,3.0,1.0,1.0,0.0,0.0,0.0,2.0,2.0,1.0,0.4278815760583427,9.953337748336208,17.20336867452282,217.58619590183173,84b79458c84e9545,75,3,12,24,1309,1158.1,0.428,0,0.0,0.0,0.0,True,123,80
0.2348,0.0,0.2336,0.0929,0.3137,0.2398,0.3174,1.0,0.3682,3.0,0.0,0.0,0.0,0.0,0.0,0.0,1.0,1.0,0.43825710842658877,9.920925445187155,17.20311835594369,185.48643759129462,e1c032b4537081f6,75,3,12,8,929,928.6,0.438,0,0.0,0.0,0.0,True,123,80
0.1958,0.0,0.2036,0.0231,0.3548,0.2526,0.6093,0.6667,0.22,3.0,0.0,1.0,0.0,0.0,0.0,1.0,1.0,1.0,0.4999945836210343,9.933026738288145,17.203721850982387,201.10855550956035,b258b8aa9d190dad,77,3,12,16,1051,1050.1,0.5,0,0.0,0.0,0.0,True,123,80
0.155,0.0,0.1705,0.0586,0.3137,0.1295,0.5314,1.0,0.3316,3.0,0.0,0.0,0.0,0.0,0.0,0.0,1.0,1.0,0.45351073530535213,9.922244532363637,17.203500477194382,245.07868042879676,6c83851342afb5f7,77,3,12,8,929,928.6,0.454,0,0.0,0.0,0.0,True,123,80
0.1934,0.0,0.1577,0.1362,0.3548,0.2264,0.4846,0.6667,0.394,3.0,0.0,1.0,0.0,0.0,0.0,1.0,1.0,1.0,0.4274836167950451,9.760338095645457,17.199649084945356,215.2310076943209,538e0e69310a6d4c,78,3,12,16,1051,1050.1,0.427,0,0.0,0.0,0.0,True,123,80
0.195,0.0,0.2036,0.0231,0.3548,0.2526,0.6092,0.6667,0.5732,3.0,0.0,1.0,0.0,0.0,0.0,1.0,1.0,1.0,0.3528540792351849,9.933026738288145,17.200057252715787,201.10855550956035,1d7000b942711a1e,78,3,12,16,1051,1050.1,0.353,0,0.0,0.0,0.0,True,123,80
0.1989,0.0,0.1638,0.0436,0.4075,0.2866,0.4936,0.3333,0.3959,3.0,0.0,1.0,1.0,1.0,0.0,2.0,1.0,1.0,0.42670826823046853,9.399171695011661,17.20471567390126,216.48829204704757,a9920acf6ae843ab,79,3,12,24,1207,1206.2,0.427,0,0.0,0.0,0.0,True,123,80
0.1701,0.0,0.1369,0.0586,0.3548,0.2338,0.6413,0.6667,0.245,3.0,0.0,1.0,0.0,0.0,0.0,1.0,1.0,1.0,0.4895871032919123,9.912539027361442,17.203532202840744,211.263261739119,b8b6e16f64d463c6,79,3,12,16,1051,1050.1,0.49,0,0.0,0.0,0.0,True,123,80
0.1617,0.0,0.1776,0.1013,0.3137,0.2371,0.4368,1.0,0.14,3.0,0.0,0.0,0.0,0.0,0.0,0.0,2.0,1.0,0.5333408736583001,9.921009864678862,16.44758144457323,186.95830839360409,1e1a29d8c66e96ac,80,3,12,8,1079,928.6,0.533,0,0.0,0.0,0.0,True,123,80
0.1645,0.0,0.1388,0.0366,0.3137,0.2389,0.6563,1.0,0.4237,3.0,0.0,0.0,0.0,0.0,0.0,0.0,1.0,1.0,0.4151406262628843,9.912539027361442,17.189543029274375,185.9769895809206,5df89b280922a6b0,80,3,12,8,929,928.6,0.415,0,0.0,0.0,0.0,True,123,80
0.1792,0.0,0.1387,0.0389,0.3137,0.2389,0.6562,1.0,0.4237,3.0,0.0,0.0,0.0,0.0,0.0,0.0,1.0,1.0,0.4151406262628843,9.912539027361442,17.189543029274375,185.9769895809206,c982c2b9782f5d17,80,3,12,8,929,928.6,0.415,0,0.0,0.0,0.0,True,123,80
0.1848,0.0,0.1961,0.0613,0.3912,0.2562,0.4728,0.3333,0.3496,3.0,1.0,1.0,0.0,0.0,0.0,2.0,1.0,1.0,0.4460106156846462,9.953337748336208,17.20336867452282,217.58619590183173,6da6c1ed271804bf,80,3,12,24,1159,1158.1,0.446,0,0.0,0.0,0.0,True,123,80
0.1936,0.0,0.1467,0.0536,0.3665,0.2934,0.5448,0.6667,0.1641,3.0,0.0,0.0,1.0,1.0,0.0,1.0,1.0,1.0,0.5232909033578933,9.395408677773418,17.203485565840097,197.4553458620265,7707a08b4d7d4f99,77,3,12,16,1085,1084.8,0.523,0,0.0,0.0,0.0,True,123,80
0.1882,0.0,0.152,0.0347,0.3137,0.1368,0.5006,1.0,0.4648,3.0,0.0,0.0,0.0,0.0,0.0,0.0,1.0,1.0,0.39800470662246823,9.381288614297167,17.203485565840097,241.12958609074246,a30b3956961e79e8,80,3,12,8,929,928.6,0.398,0,0.0,0.0,0.0,True,123,80
0.2183,0.0,0.2219,0.066,0.3375,0.271,0.3592,1.0,0.3861,3.0,0.0,0.0,0.0,0.0,1.0,0.0,2.0,1.0,0.43077148565518764,9.735316610622112,17.305421936040666,191.16371212327346,cfb95b6e5f697d0e,80,3,12,8,1149,998.9,0.431,0,0.0,0.0,0.0,True,123,80
0.1991,0.0,0.1939,0.0293,0.3137,0.1853,0.5729,1.0,0.5401,3.0,0.0,0.0,0.0,0.0,0.0,0.0,1.0,1.0,0.36664109539712336,9.909921911856681,17.274628474037733,214.95056518333058,de58626ac95ef536,77,3,12,8,929,928.6,0.367,0,0.0,0.0,0.0,True,123,80
0.1744,0.0,0.1978,0.1199,0.3548,0.1893,0.4203,0.6667,0.2179,3.0,0.0,1.0,0.0,0.0,0.0,1.0,2.0,1.0,0.5008796789783851,11.538000962470406,17.24348374384378,235.27816920765304,50b31edc35e6906c,80,3,12,16,1201,1050.1,0.501,0,0.0,0.0,0.0,True,123,80
0.1632,0.0,0.1923,0.0291,0.3502,0.2269,0.5089,0.6667,0.5539,3.0,1.0,0.0,0.0,0.0,0.0,1.0,1.0,2.0,0.36086839425075096,9.909921630736424,17.276284461954273,214.95056518333058,25216cb10916aa0e,76,3,12,16,1145,1036.6,0.361,0,0.0,0.0,0.0,True,123,80
0.1732,0.0,0.1409,0.0462,0.3137,0.1724,0.6243,1.0,0.4549,3.0,0.0,0.0,0.0,0.0,0.0,0.0,1.0,1.0,0.40213869984405787,9.912539027361442,17.207283070315242,221.89299760906638,8265ad82d3165968,80,3,12,8,929,928.6,0.402,0,0.0,0.0,0.0,True,123,80
0.2172,0.0,0.174,0.1338,0.3548,0.2264,0.4109,0.6667,0.3209,3.0,0.0,1.0,0.0,0.0,0.0,1.0,2.0,1.0,0.45795141839518894,9.760338095645457,17.199610732720387,215.2310076943209,2bae568f51f78efc,78,3,12,16,1201,1050.1,0.458,0,0.0,0.0,0.0,True,123,80
0.1938,0.0,0.1925,0.0408,0.3548,0.2707,0.4313,0.6667,0.2759,3.0,0.0,1.0,0.0,0.0,0.0,1.0,1.0,1.0,0.4766926123622966,9.877187640584168,17.27787025651567,191.33390539145793,12ff476534d4a8d2,80,3,12,16,1051,1050.1,0.477,0,0.0,0.0,0.0,True,123,80
0.1953,0.0,0.2191,0.1109,0.3137,0.1804,0.3413,1.0,0.3967,3.0,0.0,0.0,0.0,0.0,0.0,0.0,1.0,1.0,0.42638595820747116,9.392670547150818,17.204815420967407,217.60624337175838,1d843fc1fb91a3ce,78,3,12,8,929,928.6,0.426,0,0.0,0.0,0.0,True,123,80
0.2147,0.0,0.2228,0.0768,0.3137,0.1339,0.4519,1.0,0.1512,3.0,0.0,0.0,0.0,0.0,0.0,0.0,2.0,2.0,0.5286524481139433,9.760894865093867,17.199610732720387,242.69062598682262,17a8d54f0bd581bd,79,3,12,8,1079,928.6,0.529,0,0.0,0.0,0.0,True,123,80
0.2091,0.0,0.218,0.0737,0.3259,0.208,0.4106,1.0,0.3429,3.0,0.0,0.0,0.0,1.0,0.0,0.0,2.0,1.0,0.44877679625331957,9.961501699374415,17.196197106864823,225.1985647729802,e78b8df220225ebd,75,3,12,8,1115,964.6,0.449,0,0.0,0.0,0.0,True,123,80
0.1622,0.0,0.1531,0.0407,0.3502,0.2025,0.5156,0.6667,0.4286,3.0,1.0,0.0,0.0,0.0,0.0,1.0,2.0,1.0,0.4130741162076907,9.919881954799509,17.174302819778397,228.16557047997492,ddb1748aa3898ffb,79,3,12,16,1187,1036.6,0.413,0,0.0,0.0,0.0,True,123,80
0.1529,0.0,0.1932,0.0307,0.3548,0.3055,0.609,0.6667,0.3822,3.0,0.0,1.0,0.0,0.0,0.0,1.0,1.0,1.0,0.4324038468509706,9.932013863991532,17.182688989141653,172.55309569410957,d0f82dc31ddbfd68,76,3,12,16,1051,1050.1,0.432,0,0.0,0.0,0.0,True,123,80
0.2204,0.0,0.155,0.034,0.3137,0.1392,0.5601,1.0,0.3746,3.0,0.0,0.0,0.0,0.0,0.0,0.0,1.0,1.0,0.4355969808165998,10.668121712178195,17.204893587608083,239.8508492291227,0c6dc2094a41506f,80,3,12,8,929,928.6,0.436,0,0.0,0.0,0.0,True,123,80
0.1611,0.0,0.1584,0.0667,0.3137,0.1982,0.5171,1.0,0.3432,3.0,0.0,0.0,0.0,0.0,0.0,0.0,2.0,1.0,0.4486539558701497,10.58416249055039,17.204236440311988,207.9853415389214,e9c03d78e76a173c,66,3,12,8,1079,928.6,0.449,0,0.0,0.0,0.0,True,123,80
0.2325,0.0,0.2255,0.0869,0.3137,0.1888,0.3686,1.0,0.4096,3.0,0.0,0.0,0.0,0.0,0.0,0.0,1.0,1.0,0.42101246476337684,9.945809294806267,17.205165125908987,213.0577068901942,3eee0737d7720ff9,77,3,12,8,929,928.6,0.421,0,0.0,0.0,0.0,True,123,80
0.1622,0.0,0.1694,0.0706,0.3137,0.1863,0.4674,1.0,0.3366,3.0,0.0,0.0,0.0,0.0,0.0,0.0,1.0,1.0,0.45140332974313896,10.56940916708318,15.074599620208062,214.4158215690719,27bdc171a02fb269,78,3,12,8,929,928.6,0.451,0,0.0,0.0,0.0,True,123,80
0.1631,0.0,0.2175,0.026,0.3548,0.2269,0.5919,0.6667,0.5714,3.0,0.0,1.0,0.0,0.0,0.0,1.0,1.0,1.0,0.3535879602105749,9.90992190501937,17.276284461954273,214.95056518333058,e55299d56f1ee6ea,77,3,12,16,1051,1050.1,0.354,0,0.0,0.0,0.0,True,123,80
0.1913,0.0,0.1826,0.0429,0.3137,0.1774,0.4595,1.0,0.4523,3.0,0.0,0.0,0.0,0.0,0.0,0.0,1.0,1.0,0.40321992953837077,10.581676500368797,17.204196925655303,219.20997656071475,6b1df323999449ea,77,3,12,8,929,928.6,0.403,0,0.0,0.0,0.0,True,123,80
0.1771,0.0,0.1513,0.0622,0.3543,0.2595,0.5241,0.6667,0.2391,3.0,0.0,0.0,1.0,0.0,0.0,1.0,1.0,1.0,0.4920301257934208,9.381288614297167,17.203485565840097,197.3690661968649,a5dd93f130fc920f,77,3,12,16,1049,1048.8,0.492,0,0.0,0.0,0.0,True,123,80
0.2153,0.0,0.1502,0.0519,0.3502,0.24,0.4963,0.6667,0.2893,3.0,1.0,0.0,0.0,0.0,0.0,1.0,2.0,1.0,0.4711304835652873,9.96568764208494,17.203493624405056,207.9024800642431,ad80214353f8f727,74,3,12,16,1187,1036.6,0.471,0,0.0,0.0,0.0,True,123,80
0.1757,0.0,0.1713,0.0346,0.3137,0.1671,0.4916,1.0,0.5573,3.0,0.0,0.0,0.0,0.0,0.0,0.0,1.0,2.0,0.35946207572493016,9.909921630736424,17.276284461954273,224.76772535442862,2ee9eec06ae1e8e6,77,3,12,8,929,928.6,0.359,0,0.0,0.0,0.0,True,123,80
0.2306,0.0,0.2143,0.0818,0.3548,0.2441,0.446,0.6667,0.353,3.0,0.0,1.0,0.0,0.0,0.0,1.0,1.0,1.0,0.44457052093145816,9.89872942877682,17.203511272738307,205.70542907922456,41c2e5e23bf26d73,79,3,12,16,1051,1050.1,0.445,0,0.0,0.0,0.0,True,123,80
0.1853,0.0,0.1674,0.0754,0.3548,0.2132,0.4539,0.6667,0.2233,3.0,0.0,1.0,0.0,0.0,0.0,1.0,1.0,1.0,0.49863062260528196,9.7650268136848,17.20493604847098,222.34788892001762,bb0050564377262d,75,3,12,16,1051,1050.1,0.499,0,0.0,0.0,0.0,True,123,80
0.1904,0.0,0.1972,0.0919,0.3137,0.1295,0.394,1.0,0.3679,3.0,0.0,0.0,0.0,0.0,0.0,0.0,1.0,1.0,0.43836031154140576,9.922234507020018,17.203506692363234,245.07868042879676,7bdaddb92d3c3f42,80,3,12,8,929,928.6,0.438,0,0.0,0.0,0.0,True,123,80
0.2188,0.0,0.1541,0.086,0.3137,0.1667,0.5666,1.0,0.3757,3.0,0.0,0.0,0.0,0.0,0.0,0.0,1.0,1.0,0.4351044029816712,10.351267685806837,17.20486228256357,224.9741867680845,198d38e69c8872ae,66,3,12,8,929,928.6,0.435,0,0.0,0.0,0.0,True,123,80
0.1885,0.0,0.1512,0.0536,0.3259,0.276,0.5365,1.0,0.2563,3.0,0.0,0.0,0.0,1.0,0.0,0.0,1.0,1.0,0.4848830567954101,9.386012287795465,17.204966610084334,188.46812072137052,863db917e847c73c,80,3,12,8,965,964.6,0.485,0,0.0,0.0,0.0,True,123,80
0.2065,0.0,0.1596,0.057,0.3137,0.1641,0.5013,1.0,0.3458,3.0,0.0,0.0,0.0,0.0,0.0,0.0,2.0,1.0,0.44757483378368546,9.933070260924957,17.203766696424136,226.39425997751493,63146bf06ce1e734,73,3,12,8,1079,928.6,0.448,0,0.0,0.0,0.0,True,123,80
0.1882,0.0,0.2117,0.0267,0.3548,0.2525,0.6382,0.6667,0.5468,3.0,0.0,1.0,0.0,0.0,0.0,1.0,1.0,1.0,0.36382751829852045,9.426340231328215,17.203631155247567,201.16747155118634,edab4868825fc9ef,64,3,12,16,1051,1050.1,0.364,0,0.0,0.0,0.0,True,123,80
0.1765,0.0,0.2196,0.033,0.3548,0.2974,0.5395,0.6667,0.3265,3.0,0.0,1.0,0.0,0.0,0.0,1.0,2.0,1.0,0.4556133433211789,9.947257559115863,17.147718733826444,176.9199816242011,97a2d149909696d1,78,3,12,16,1201,1050.1,0.456,0,0.0,0.0,0.0,True,123,80
0.2017,0.0,0.1654,0.0635,0.3137,0.2459,0.4421,1.0,0.2342,3.0,0.0,0.0,0.0,0.0,0.0,0.0,2.0,1.0,0.49409769089055916,9.922625636025964,17.2931253350255,182.2224211890844,7ea2554cda3861fb,78,3,12,8,1079,928.6,0.494,0,0.0,0.0,0.0,True,123,80
0.2148,0.0,0.1551,0.0452,0.3137,0.1639,0.5195,1.0,0.2923,3.0,0.0,0.0,0.0,0.0,0.0,0.0,2.0,1.0,0.4698896440896898,10.351267685806837,17.244245697647955,226.50435631912327,0c3f914bac4bbc06,80,3,12,8,1079,928.6,0.47,0,0.0,0.0,0.0,True,123,80
0.2467,0.0,0.2262,0.0593,0.3137,0.2178,0.3992,1.0,0.4033,3.0,0.0,0.0,0.0,0.0,0.0,0.0,1.0,1.0,0.423605134888416,9.38474172628751,17.203511272738307,197.40263975754732,a53e3ecf095dd969,75,3,12,8,929,928.6,0.424,0,0.0,0.0,0.0,True,123,80
0.1562,0.0,0.1816,0.042,0.3669,0.3105,0.5989,0.6667,0.251,3.0,0.0,1.0,0.0,1.0,0.0,1.0,2.0,1.0,0.48708058882798067,10.222066383028846,17.204935683279565,188.25698623924615,4cc627c09e1371df,79,3,12,16,1237,1086.1,0.487,0,0.0,0.0,0.0,True,123,80
0.1492,0.0,0.2069,0.0321,0.3548,0.2835,0.5294,0.6667,0.3828,3.0,0.0,1.0,0.0,0.0,0.0,1.0,2.0,1.0,0.43215786140389517,9.933993963567742,16.425969225049432,184.41731814403826,cc4fd6c812be236f,70,3,12,16,1201,1050.1,0.432,0,0.0,0.0,0.0,True,123,80
0.1478,0.0,0.1416,0.0308,0.3137,0.2641,0.6158,1.0,0.3832,3.0,0.0,0.0,0.0,0.0,0.0,0.0,2.0,1.0,0.4320040377751491,9.932432416321403,17.18280933771693,172.36216477553907,bd45f68673d2f087,77,3,12,8,1079,928.6,0.432,0,0.0,0.0,0.0,True,123,80
0.1981,0.0,0.1446,0.053,0.3137,0.2342,0.5489,1.0,0.2563,3.0,0.0,0.0,0.0,0.0,0.0,0.0,2.0,1.0,0.4848830567954101,9.386012287795465,17.205012495132376,188.52911970134596,20213fead7702a86,79,3,12,8,1079,928.6,0.485,0,0.0,0.0,0.0,True,123,80
0.2285,0.0,0.2097,0.1032,0.3259,0.2045,0.3595,1.0,0.3485,3.0,0.0,0.0,0.0,1.0,0.0,0.0,2.0,1.0,0.446464138162008,10.376631771294605,16.43794800870823,227.0720011073577,59505f61f2114981,78,3,12,8,1115,964.6,0.446,0,0.0,0.0,0.0,True,123,80
0.1809,0.0,0.1781,0.0816,0.3548,0.2801,0.4357,0.6667,0.1586,3.0,0.0,1.0,0.0,0.0,0.0,1.0,2.0,1.0,0.5256028833142599,9.921009864678862,16.44758144457323,186.2384071560882,92830fad53a4cf49,76,3,12,16,1201,1050.1,0.526,0,0.0,0.0,0.0,True,123,80
0.168,0.0,0.1945,0.0331,0.3137,0.1852,0.6399,1.0,0.42,3.0,0.0,0.0,0.0,0.0,0.0,0.0,2.0,2.0,0.41667129773069367,9.932590091480645,17.20737375118931,214.97427586844907,82b458235de2bc07,79,3,12,8,1079,928.6,0.417,0,0.0,0.0,0.0,True,123,80
0.2002,0.0,0.1574,0.0358,0.3137,0.1662,0.5862,1.0,0.2923,3.0,0.0,0.0,0.0,0.0,0.0,0.0,2.0,1.0,0.4698896440896898,10.351267685806837,17.24512769378371,225.24684143768354,fca9b38dd844e3b8,76,3,12,8,1079,928.6,0.47,0,0.0,0.0,0.0,True,123,80
0.1711,0.0,0.2042,0.0337,0.3137,0.192,0.518,1.0,0.3087,3.0,0.0,0.0,0.0,0.0,0.0,0.0,1.0,1.0,0.46302433321326025,9.927063271388766,16.574265210633474,211.29523723920207,823424575c1b9bfc,75,3,12,8,929,928.6,0.463,0,0.0,0.0,0.0,True,123,80
0.1567,0.0,0.1902,0.0275,0.3548,0.277,0.5542,0.6667,0.3136,3.0,0.0,1.0,0.0,0.0,0.0,1.0,1.0,1.0,0.46099093161783294,10.222066383028846,17.204926789454053,187.89545770862802,a6c875ad5975bbe3,80,3,12,16,1051,1050.1,0.461,0,0.0,0.0,0.0,True,123,80
0.2095,0.0,0.2137,0.0648,0.3259,0.2546,0.4404,1.0,0.4387,3.0,0.0,0.0,0.0,1.0,0.0,0.0,1.0,1.0,0.4088750740449835,9.945809294806267,17.20432183808913,200.02440098503803,d04d476ab7b59eef,80,3,12,8,965,964.6,0.409,0,0.0,0.0,0.0,True,123,80
0.1541,0.0,0.153,0.0353,0.3137,0.1613,0.5314,1.0,0.428,3.0,0.0,0.0,0.0,0.0,0.0,0.0,1.0,1.0,0.4133355949109479,9.922244532363637,17.204311042545207,227.8955942969105,8e5350d6f670b6ee,78,3,12,8,929,928.6,0.413,0,0.0,0.0,0.0,True,123,80
0.2299,0.0,0.2024,0.0789,0.3548,0.2581,0.4668,0.6667,0.1512,3.0,0.0,1.0,0.0,0.0,0.0,1.0,2.0,2.0,0.5286524481139433,9.760894865093867,17.199610732720387,198.10178410950135,d93389b555229801,79,3,12,16,1201,1050.1,0.529,0,0.0,0.0,0.0,True,123,80
0.2101,0.0,0.2276,0.0286,0.3137,0.2198,0.4432,1.0,0.4113,3.0,0.0,0.0,0.0,0.0,0.0,0.0,1.0,1.0,0.4203018185350351,10.669059823585552,17.205168110894956,196.29659177945825,13fdfaeb9acbb4a3,70,3,12,8,929,928.6,0.42,0,0.0,0.0,0.0,True,123,80
0.1986,0.0,0.1866,0.0466,0.3137,0.1804,0.4987,1.0,0.3931,3.0,0.0,0.0,0.0,0.0,0.0,0.0,2.0,1.0,0.4278815760583427,10.363695982175518,17.070792909741815,217.58619590183173,53b24050dc54b531,79,3,12,8,1079,928.6,0.428,0,0.0,0.0,0.0,True,123,80
0.1867,0.0,0.1803,0.0259,0.3669,0.3105,0.598,0.6667,0.251,3.0,0.0,1.0,0.0,1.0,0.0,1.0,2.0,1.0,0.48708058882798067,9.397518468238529,17.204935683279565,188.25698623924615,e63063d0350d4a93,78,3,12,16,1237,1086.1,0.487,0,0.0,0.0,0.0,True,123,80
0.2045,0.0,0.1699,0.0361,0.3137,0.1552,0.4975,1.0,0.3133,3.0,0.0,0.0,0.0,0.0,0.0,0.0,1.0,1.0,0.461132401679126,10.874243051580933,17.206856602029234,231.18116692936664,b985288ca003affb,76,3,12,8,929,928.6,0.461,0,0.0,0.0,0.0,True,123,80
0.2197,0.0,0.1635,0.0347,0.3137,0.1928,0.4574,1.0,0.1613,3.0,0.0,0.0,0.0,0.0,0.0,0.0,1.0,1.0,0.5244632535048666,9.911302878496643,17.205144144192204,210.89965065650279,339e4ef515b5ee50,79,3,12,8,929,928.6,0.524,0,0.0,0.0,0.0,True,123,80
0.2169,0.0,0.2339,0.068,0.3548,0.255,0.3957,0.6667,0.2482,3.0,0.0,1.0,0.0,0.0,0.0,1.0,1.0,1.0,0.48825966870538545,10.587959574250757,17.205243574352494,199.79000675877393,5f1b9f5d5ba491e3,80,3,12,16,1051,1050.1,0.488,0,0.0,0.0,0.0,True,123,80
0.1908,0.0,0.1989,0.0963,0.3137,0.2015,0.327,1.0,0.3876,3.0,0.0,0.0,0.0,0.0,0.0,0.0,2.0,1.0,0.4301474698214529,9.743073873994588,17.305421936040666,206.19012125609171,486bd910b93ba0c1,80,3,12,8,1079,928.6,0.43,0,0.0,0.0,0.0,True,123,80
0.1872,0.0,0.1632,0.0674,0.3137,0.1473,0.4818,1.0,0.222,3.0,0.0,0.0,0.0,0.0,0.0,0.0,2.0,1.0,0.4991627125433713,9.90972568992592,17.24781248409218,235.43946174884792,065bed3770bd2171,79,3,12,8,1079,928.6,0.499,0,0.0,0.0,0.0,True,123,80
0.2069,0.0,0.2298,0.0487,0.3548,0.255,0.438,0.6667,0.2307,3.0,0.0,1.0,0.0,0.0,0.0,1.0,2.0,1.0,0.49553066073740537,10.578486691237746,17.205243574352494,199.79000675877393,43069bbf60f75b30,75,3,12,16,1201,1050.1,0.496,0,0.0,0.0,0.0,True,123,80
0.1951,0.0,0.176,0.0735,0.3137,0.2384,0.4396,1.0,0.1586,3.0,0.0,0.0,0.0,0.0,0.0,0.0,2.0,1.0,0.5256028833142599,9.919511509467558,16.44758144457323,186.2384071560882,be2f85295d8ef1d4,78,3,12,8,1079,928.6,0.526,0,0.0,0.0,0.0,True,123,80
0.1689,0.0,0.1381,0.0379,0.3548,0.2338,0.6297,0.6667,0.245,3.0,0.0,1.0,0.0,0.0,0.0,1.0,1.0,1.0,0.4895871032919123,9.912539027361442,17.205097385605768,211.263261739119,d3b7069183e522ca,78,3,12,16,1051,1050.1,0.49,0,0.0,0.0,0.0,True,123,80
0.1945,0.0,0.1841,0.0463,0.3375,0.271,0.4296,1.0,0.387,3.0,0.0,0.0,0.0,0.0,1.0,0.0,1.0,1.0,0.43040930755822066,9.735316610622112,17.305421936040666,191.16371212327346,38e25fc6236aa63d,79,3,12,8,999,998.9,0.43,0,0.0,0.0,0.0,True,123,80
0.1878,0.0,0.167,0.049,0.3137,0.2482,0.5088,1.0,0.2342,3.0,0.0,0.0,0.0,0.0,0.0,0.0,2.0,1.0,0.49409769089055916,9.922625636025964,17.294007331161254,180.96490630747826,07822dea3e2b0995,80,3,12,8,1079,928.6,0.494,0,0.0,0.0,0.0,True,123,80
0.1848,0.0,0.1739,0.0548,0.3137,0.2163,0.5266,1.0,0.1641,3.0,0.0,0.0,0.0,0.0,0.0,0.0,1.0,1.0,0.5232909033578933,10.20839814453771,17.203494632755866,198.19613330897837,b2955c65b2fc31ed,79,3,12,8,929,928.6,0.523,0,0.0,0.0,0.0,True,123,80
0.1788,0.0,0.1726,0.0544,0.3543,0.258,0.4995,0.6667,0.236,3.0,0.0,0.0,1.0,0.0,0.0,1.0,1.0,1.0,0.49332334063428557,9.910343125040075,18.491753907825,198.1602101964617,74a4def743595e86,80,3,12,16,1049,1048.8,0.493,0,0.0,0.0,0.0,True,123,80
0.1789,0.0,0.2247,0.0888,0.3137,0.1779,0.4187,1.0,0.3043,3.0,0.0,0.0,0.0,0.0,0.0,0.0,1.0,1.0,0.464879843629624,9.909972825451133,17.204815420967407,218.9323579740393,7f0ba4e702f727d3,73,3,12,8,929,928.6,0.465,0,0.0,0.0,0.0,True,123,80
0.1642,0.0,0.1891,0.0285,0.3502,0.2269,0.5366,0.6667,0.5542,3.0,1.0,0.0,0.0,0.0,0.0,1.0,2.0,2.0,0.3607463984994029,9.91568874220571,17.27706883402699,214.95056518333058,0c3ca75fbd195a7b,79,3,12,16,1295,1036.6,0.361,0,0.0,0.0,0.0,True,123,80
0.1764,0.0,0.2113,0.0249,0.3548,0.2974,0.5812,0.6667,0.3846,3.0,0.0,1.0,0.0,0.0,0.0,1.0,2.0,1.0,0.4314261078774565,10.381622775608488,17.147718733826444,176.9199816242011,1a83776fdce6d9a5,68,3,12,16,1201,1050.1,0.431,0,0.0,0.0,0.0,True,123,80
0.2115,0.0,0.192,0.0274,0.3259,0.2566,0.4741,1.0,0.437,3.0,0.0,0.0,0.0,1.0,0.0,0.0,1.0,1.0,0.40957424002734055,9.910626586517322,17.20432183808913,198.95984714964956,949cc5db66d7e091,79,3,12,8,965,964.6,0.41,0,0.0,0.0,0.0,True,123,80
0.1834,0.0,0.2219,0.0318,0.3434,0.1413,0.473,1.0,0.0764,4.0,0.0,0.0,0.0,0.0,0.0,0.0,2.0,1.0,0.5181578969345212,12.624146875929197,23.03386621780153,193.68691391915556,6f3c2e36fabaf111,46,4,16,8,1167,1016.6,0.518,0,0.0,0.0,0.0,True,42,80
0.2229,0.0,0.1966,0.1266,0.4616,0.2393,0.4086,0.0,0.3457,4.0,1.0,1.0,1.0,0.0,0.0,3.0,2.0,1.0,0.40595907230495093,10.112630382977043,22.72036508661247,203.08191799038923,fadec9ea03f753f8,70,4,16,32,1517,1366.2,0.406,0,0.0,0.0,0.0,True,42,80
0.1642,0.0,0.2264,0.0326,0.3845,0.1668,0.4578,0.6667,0.1001,4.0,0.0,1.0,0.0,0.0,0.0,1.0,2.0,1.0,0.5083002333915878,11.596285905955668,22.945388413856254,204.46595084832694,67d66efd0e808ab8,73,4,16,16,1289,1138.1,0.508,0,0.0,0.0,0.0,True,42,80
0.2422,0.0,0.1578,0.0639,0.421,0.2122,0.467,0.3333,0.0877,4.0,1.0,1.0,0.0,0.0,0.0,2.0,1.0,1.0,0.5134388446782425,11.73193285203523,22.693209458915614,200.39115993342267,fdec94e7bab4e7f8,76,4,16,24,1247,1246.1,0.513,0,0.0,0.0,0.0,True,42,80
0.1769,0.0,0.241,0.0277,0.3845,0.168,0.4171,0.6667,0.0069,4.0,0.0,1.0,0.0,0.0,0.0,1.0,2.0,1.0,0.5471389814340969,11.609727829655906,23.363705142631744,203.82181401234874,40ea928d514c4cfd,76,4,16,16,1289,1138.1,0.547,0,0.0,0.0,0.0,True,42,80
0.2249,0.0,0.194,0.0446,0.3845,0.1639,0.3428,0.6667,0.0892,4.0,0.0,1.0,0.0,0.0,0.0,1.0,2.0,2.0,0.5128423522049037,11.059399280398049,22.946386336976055,206.03730327859554,4e702818129e4688,77,4,16,16,1289,1138.1,0.513,0,0.0,0.0,0.0,True,42,80
0.2091,0.0,0.1809,0.0605,0.3799,0.1935,0.4183,0.6667,0.0003,4.0,1.0,0.0,0.0,0.0,0.0,1.0,2.0,1.0,0.5498711698080457,11.41788740362779,22.98599173651046,190.07792098018433,77f6ca7a5fd98b6f,78,4,16,16,1275,1124.6,0.55,0,0.0,0.0,0.0,True,42,80
0.1685,0.0,0.2383,0.0279,0.3434,0.0593,0.4379,1.0,0.0582,4.0,0.0,0.0,0.0,0.0,0.0,0.0,2.0,1.0,0.525747122662835,9.764355867598132,22.95077192118865,237.99034786496287,23a8ebf16be8a68d,78,4,16,8,1167,1016.6,0.526,0,0.0,0.0,0.0,True,42,80
0.2385,0.0,0.1755,0.1391,0.3799,0.1748,0.3957,0.6667,0.0917,4.0,1.0,0.0,0.0,0.0,0.0,1.0,1.0,1.0,0.5117867753348636,11.492524037362655,23.03740877711999,200.1618828705428,49cc46780e8220b4,78,4,16,16,1125,1124.6,0.512,0,0.0,0.0,0.0,True,42,80
0.1697,0.0,0.1728,0.033,0.3845,0.1383,0.502,0.6667,0.2186,4.0,0.0,1.0,0.0,0.0,0.0,1.0,2.0,1.0,0.458919992063771,11.609700143336475,21.21793624795655,219.86889476122892,2141424ceafdb1cd,78,4,16,16,1289,1138.1,0.459,0,0.0,0.0,0.0,True,42,80
0.2283,0.0,0.2132,0.0916,0.4616,0.2083,0.3786,0.0,0.0737,4.0,1.0,1.0,1.0,0.0,0.0,3.0,2.0,1.0,0.5192802111025638,11.45329179588613,22.714314035455242,219.8056669324647,7f8c9f0f1aaaf6af,79,4,16,32,1517,1366.2,0.519,0,0.0,0.0,0.0,True,42,80
0.2577,0.0,0.1683,0.1087,0.3434,0.1298,0.4241,1.0,0.0772,4.0,0.0,0.0,0.0,0.0,0.0,0.0,1.0,1.0,0.5178175820462757,10.112630382977043,23.04288909486894,199.88666727771354,40cf194a86f6e011,80,4,16,8,1017,1016.6,0.518,0,0.0,0.0,0.0,True,42,80
0.1738,0.0,0.2355,0.0252,0.3845,0.1569,0.4255,0.6667,0.1277,4.0,0.0,1.0,0.0,0.0,0.0,1.0,2.0,1.0,0.4967896075832271,11.657230726082803,22.094282859595005,209.79359746955674,c931743de7867568,80,4,16,16,1289,1138.1,0.497,0,0.0,0.0,0.0,True,42,80
0.1642,0.0,0.2264,0.0326,0.3434,0.1214,0.4578,1.0,0.1001,4.0,0.0,0.0,0.0,0.0,0.0,0.0,2.0,1.0,0.5083002333915878,11.596285905955668,22.945388413856254,204.46595084832694,3890f1fcbabd5a5b,80,4,16,8,1167,1016.6,0.508,0,0.0,0.0,0.0,True,42,80
0.2506,0.0,0.2079,0.0598,0.421,0.2206,0.3586,0.3333,0.1766,4.0,1.0,1.0,0.0,0.0,0.0,2.0,1.0,1.0,0.47643418165203577,11.054914584046955,21.665501112533736,195.87770906141287,e4ec983ac014f85f,80,4,16,24,1247,1246.1,0.476,0,0.0,0.0,0.0,True,42,80
0.1712,0.0,0.1997,0.0267,0.3556,0.1578,0.4733,1.0,0.2732,4.0,0.0,0.0,0.0,1.0,0.0,0.0,2.0,1.0,0.43618312252004193,11.520667470358731,22.817756912975494,209.34625849463671,3a968af622fd4212,80,4,16,8,1203,1052.6,0.436,0,0.0,0.0,0.0,True,42,80
0.1918,0.0,0.2267,0.0284,0.4204,0.2348,0.4032,0.6667,0.2062,4.0,0.0,1.0,0.0,1.0,1.0,1.0,1.0,1.0,0.46407227563689535,11.500655821777292,22.941124406332662,205.48967408998797,65fab278f19c3660,60,4,16,16,1245,1244.4,0.464,0,0.0,0.0,0.0,True,42,80
0.2568,0.0,0.1762,0.139,0.4331,0.2447,0.3956,0.6667,0.0919,4.0,1.0,1.0,0.0,1.0,0.0,2.0,1.0,1.0,0.5117025768157074,11.492524037362655,23.03740877711999,200.1618828705428,6f7a2c911edeab18,80,4,16,24,1283,1282.1,0.512,0,0.0,0.0,0.0,True,42,80
0.178,0.0,0.2397,0.0283,0.3967,0.2061,0.418,0.6667,0.0603,4.0,0.0,1.0,0.0,1.0,0.0,1.0,2.0,1.0,0.5248616379102398,9.718644323213946,22.95215804816483,203.7213201152352,1fb58bc9439615e7,80,4,16,16,1325,1174.1,0.525,0,0.0,0.0,0.0,True,42,80
0.2052,0.0,0.1878,0.064,0.4331,0.2945,0.389,0.6667,0.0927,4.0,1.0,1.0,0.0,1.0,0.0,2.0,1.0,1.0,0.5113862377008218,9.798221038377122,23.017826076467685,173.252191720758,72ca6540b889e812,74,4,16,24,1283,1282.1,0.511,0,0.0,0.0,0.0,True,42,80
0.1968,0.0,0.2082,0.0767,0.4447,0.243,0.42,0.6667,0.0877,4.0,1.0,1.0,0.0,0.0,1.0,2.0,2.0,1.0,0.5134388564602241,11.716313684259632,22.68533016490469,201.08087232538486,c8192e4ebaf9fd4f,80,4,16,24,1467,1316.4,0.513,0,0.0,0.0,0.0,True,42,80
0.2295,0.0,0.1784,0.1203,0.4616,0.258,0.3989,0.0,0.3617,4.0,1.0,1.0,1.0,0.0,0.0,3.0,2.0,1.0,0.3993092632353357,10.165983243532564,22.096928085711042,192.9697807845528,85ec7936937e0939,79,4,16,32,1517,1366.2,0.399,0,0.0,0.0,0.0,True,42,80
0.2264,0.0,0.1901,0.1309,0.421,0.1763,0.434,0.3333,0.2376,4.0,1.0,1.0,0.0,0.0,0.0,2.0,1.0,1.0,0.4510130985583576,11.653947371345403,22.627179054524245,219.8056669324647,194f63176d5a24b4,80,4,16,24,1247,1246.1,0.451,0,0.0,0.0,0.0,True,42,80
0.179,0.0,0.1846,0.0272,0.3434,0.083,0.4486,1.0,0.1897,4.0,0.0,0.0,0.0,0.0,0.0,0.0,2.0,2.0,0.4709434396855247,11.56195165825661,23.034244015398375,225.2031524034146,e83a57f23d4357d9,80,4,16,8,1167,1016.6,0.471,0,0.0,0.0,0.0,True,42,80
0.2423,0.0,0.2147,0.0821,0.421,0.2681,0.3556,0.6667,0.0775,4.0,1.0,1.0,0.0,0.0,0.0,2.0,2.0,1.0,0.5177149368809323,11.081276735843202,22.566250952147094,170.24366813230085,9da995f4e60cb39c,80,4,16,24,1397,1246.1,0.518,0,0.0,0.0,0.0,True,42,80
0.2527,0.0,0.2067,0.0905,0.3921,0.2662,0.3615,0.6667,0.0778,4.0,1.0,0.0,0.0,1.0,0.0,1.0,1.0,1.0,0.5175690166113955,11.598812122347317,22.566250952147094,171.23356683097143,69ae0b96f8aad654,75,4,16,16,1161,1160.6,0.518,0,0.0,0.0,0.0,True,42,80
0.2193,0.0,0.1861,0.0638,0.3967,0.1079,0.3695,0.6667,0.2933,4.0,0.0,1.0,0.0,1.0,0.0,1.0,1.0,1.0,0.42779623264656225,12.667282337107793,23.017826076467685,256.7599727551474,54cd7609275df8b0,80,4,16,16,1175,1174.1,0.428,0,0.0,0.0,0.0,True,42,80
0.1986,0.0,0.1993,0.0405,0.4447,0.243,0.4656,0.3333,0.0767,4.0,1.0,1.0,0.0,0.0,1.0,2.0,2.0,1.0,0.5180352850989469,11.60125631381915,22.71964883123813,201.07907494361666,a7c48184cd670937,79,4,16,24,1467,1316.4,0.518,0,0.0,0.0,0.0,True,42,80
0.2483,0.0,0.1978,0.094,0.4331,0.2564,0.3968,0.3333,0.257,4.0,1.0,1.0,0.0,1.0,0.0,2.0,1.0,1.0,0.44292205761261805,11.54273149502774,22.934310722265835,193.83193588504432,e26744496fc32aa6,79,4,16,24,1283,1282.1,0.443,0,0.0,0.0,0.0,True,42,80
0.2188,0.0,0.1802,0.0434,0.421,0.218,0.4096,0.6667,0.1438,4.0,1.0,1.0,0.0,0.0,0.0,2.0,2.0,1.0,0.4900930274313364,11.565531024930227,21.663800440982758,197.30470673957515,9fee8972a300edf8,77,4,16,24,1397,1246.1,0.49,0,0.0,0.0,0.0,True,42,80
0.2431,0.0,0.215,0.0814,0.4331,0.2988,0.354,0.6667,0.0775,4.0,1.0,1.0,0.0,1.0,0.0,2.0,1.0,1.0,0.5177149368809323,11.081276735843202,22.566250952147094,170.94349747695836,9206af7bb1206e20,78,4,16,24,1283,1282.1,0.518,0,0.0,0.0,0.0,True,42,80
0.2433,0.0,0.2028,0.0812,0.421,0.1947,0.3671,0.6667,0.0833,4.0,1.0,1.0,0.0,0.0,0.0,2.0,2.0,1.0,0.5153010462010024,9.798221038377122,22.438926721693903,209.87438537008413,cf3c28d0b32662bd,78,4,16,24,1397,1246.1,0.515,0,0.0,0.0,0.0,True,42,80
0.2159,0.0,0.1965,0.0881,0.3845,0.1453,0.4634,0.6667,0.0775,4.0,0.0,1.0,0.0,0.0,0.0,1.0,2.0,1.0,0.5177246745960417,11.47575479305435,23.03656581647177,216.08198548484137,0cda73a23af13123,79,4,16,16,1289,1138.1,0.518,0,0.0,0.0,0.0,True,42,80
0.1851,0.0,0.2299,0.0342,0.3434,0.1414,0.4117,1.0,0.1218,4.0,0.0,0.0,0.0,0.0,0.0,0.0,2.0,1.0,0.4992372243504091,11.702039830517348,22.943950998740227,193.62970301292864,b5de530ba46f2514,76,4,16,8,1167,1016.6,0.499,0,0.0,0.0,0.0,True,42,80
0.228,0.0,0.1789,0.0588,0.3799,0.1205,0.4515,0.6667,0.1505,4.0,1.0,0.0,0.0,0.0,0.0,1.0,1.0,1.0,0.4872732451412217,11.592442462588446,22.993788108272888,229.44878446194377,60081551cbf673ad,79,4,16,16,1125,1124.6,0.487,0,0.0,0.0,0.0,True,42,80
0.2147,0.0,0.2271,0.0604,0.3845,0.1121,0.3855,0.6667,0.015,4.0,0.0,1.0,0.0,0.0,0.0,1.0,2.0,1.0,0.5437307081138354,11.513659720009407,21.66469656594147,234.0338136693078,21ede5d617cc2af6,79,4,16,16,1289,1138.1,0.544,0,0.0,0.0,0.0,True,42,80
0.2425,0.0,0.216,0.0841,0.3967,0.2668,0.3536,0.6667,0.0764,4.0,0.0,1.0,0.0,1.0,0.0,1.0,1.0,1.0,0.5181612934156428,11.081276735843202,23.018090747888817,170.94349747695836,637ec226668d5371,79,4,16,16,1175,1174.1,0.518,0,0.0,0.0,0.0,True,42,80
0.2522,0.0,0.1704,0.102,0.3434,0.1299,0.4149,1.0,0.0402,4.0,0.0,0.0,0.0,0.0,0.0,0.0,1.0,1.0,0.5332443918691856,10.112630382977043,23.291915169826034,199.87689176989633,df2fc635ce4a706c,78,4,16,8,1017,1016.6,0.533,0,0.0,0.0,0.0,True,42,80
0.2402,0.0,0.1599,0.0626,0.421,0.2129,0.4669,0.6667,0.0877,4.0,1.0,1.0,0.0,0.0,0.0,2.0,2.0,1.0,0.5134388446782425,11.594759347170754,22.693209458915614,200.03462156812645,d6166587a9033884,75,4,16,24,1397,1246.1,0.513,0,0.0,0.0,0.0,True,42,80
0.1801,0.0,0.233,0.0275,0.421,0.2203,0.4158,0.3333,0.1706,4.0,1.0,1.0,0.0,0.0,0.0,2.0,2.0,1.0,0.4789051705529137,11.712168463737756,21.5668675807754,196.01628720399444,58a0b183c452cfe0,70,4,16,24,1397,1246.1,0.479,0,0.0,0.0,0.0,True,42,80
0.1966,0.0,0.1792,0.046,0.3921,0.2313,0.4362,0.6667,0.0003,4.0,1.0,0.0,0.0,1.0,0.0,1.0,2.0,1.0,0.5498711698080457,11.57069469569579,22.98599173651046,190.07792098018433,4b333b53b2745f67,79,4,16,16,1311,1160.6,0.55,0,0.0,0.0,0.0,True,42,80
0.2475,0.0,0.1779,0.0915,0.421,0.2249,0.3972,0.3333,0.3595,4.0,1.0,1.0,0.0,0.0,0.0,2.0,1.0,1.0,0.4002237806725268,10.165983243532564,22.11171998526447,193.53976525679303,c94f1ef5e6455267,71,4,16,24,1247,1246.1,0.4,0,0.0,0.0,0.0,True,42,80
0.195,0.0,0.1646,0.0308,0.3434,0.1299,0.4715,1.0,0.0774,4.0,0.0,0.0,0.0,0.0,0.0,0.0,1.0,1.0,0.5177634288366335,11.59450419928229,22.724378683816337,199.82739220156148,d0de11c9ab278da7,71,4,16,8,1017,1016.6,0.518,0,0.0,0.0,0.0,True,42,80
0.1703,0.0,0.1993,0.0353,0.3434,0.0744,0.4692,1.0,0.1907,4.0,0.0,0.0,0.0,0.0,0.0,0.0,1.0,1.0,0.4705309796936984,11.568760644969615,23.070584748077085,229.81873389473682,d47ae2e46b2b6dd7,68,4,16,8,1017,1016.6,0.471,0,0.0,0.0,0.0,True,42,80
0.2101,0.0,0.1654,0.048,0.3845,0.1872,0.4509,0.6667,0.1139,4.0,0.0,1.0,0.0,0.0,0.0,1.0,1.0,1.0,0.5025500734807795,11.609700143336475,23.339152633762076,193.45023809158792,0c8933eb2b5d5f21,75,4,16,16,1139,1138.1,0.503,0,0.0,0.0,0.0,True,42,80
0.2503,0.0,0.1621,0.1016,0.3799,0.1753,0.453,0.6667,0.0772,4.0,1.0,0.0,0.0,0.0,0.0,1.0,1.0,1.0,0.5178175820462757,11.574584257864252,22.995696681596996,199.87689176989633,a4b06929d90fa0db,76,4,16,16,1125,1124.6,0.518,0,0.0,0.0,0.0,True,42,80
0.2248,0.0,0.2092,0.1071,0.4616,0.2083,0.3965,0.0,0.0295,4.0,1.0,1.0,1.0,0.0,0.0,3.0,2.0,1.0,0.5377273353662556,11.653947371345403,22.71443606740592,219.8056669324647,cf113caea5e00d60,79,4,16,32,1517,1366.2,0.538,0,0.0,0.0,0.0,True,42,80
0.211,0.0,0.1761,0.0532,0.4331,0.2633,0.408,1.0,0.0003,4.0,1.0,1.0,0.0,1.0,0.0,2.0,2.0,1.0,0.5498711698080457,11.57069469569579,22.98599173651046,190.1258654277281,f43693e6032f2726,80,4,16,24,1433,1282.1,0.55,0,0.0,0.0,0.0,True,42,80
0.2036,0.0,0.2034,0.0997,0.3799,0.1753,0.4278,0.6667,0.0296,4.0,1.0,0.0,0.0,0.0,0.0,1.0,1.0,1.0,0.5376765591880964,11.574144966938723,22.721828467036346,199.87543772980325,46bee586db16ad76,78,4,16,16,1125,1124.6,0.538,0,0.0,0.0,0.0,True,42,80
0.1807,0.0,0.2194,0.0314,0.3434,0.1413,0.478,1.0,0.0809,4.0,0.0,0.0,0.0,0.0,0.0,0.0,2.0,1.0,0.5163008662559094,12.62014815580843,23.03386621780153,193.68691391915556,a842a07400205fae,69,4,16,8,1167,1016.6,0.516,0,0.0,0.0,0.0,True,42,80
0.2413,0.0,0.1859,0.0763,0.3845,0.1567,0.3688,0.6667,0.0868,4.0,0.0,1.0,0.0,0.0,0.0,1.0,2.0,1.0,0.5138167021405081,9.798221038377122,23.051242842689522,209.9194660188284,4e2dc5d786a18ab0,74,4,16,16,1289,1138.1,0.514,0,0.0,0.0,0.0,True,42,80
0.1912,0.0,0.1752,0.0356,0.3434,0.0918,0.482,1.0,0.0662,4.0,0.0,0.0,0.0,0.0,0.0,0.0,2.0,1.0,0.5224028427545213,11.613438079639296,22.567602959320606,220.43291161902604,40f6b506d6433fcb,78,4,16,8,1167,1016.6,0.522,0,0.0,0.0,0.0,True,42,80
0.224,0.0,0.1931,0.0478,0.3799,0.1646,0.3456,0.6667,0.0889,4.0,1.0,0.0,0.0,0.0,0.0,1.0,1.0,1.0,0.5129608425007821,11.059399280398049,22.946327556107626,205.68198589671994,812de106840f5768,69,4,16,16,1125,1124.6,0.513,0,0.0,0.0,0.0,True,42,80
0.2048,0.0,0.202,0.0953,0.3799,0.182,0.4318,0.6667,0.0296,4.0,1.0,0.0,0.0,0.0,0.0,1.0,2.0,1.0,0.537686528225112,11.652695160312039,22.720520547061096,196.24959826738115,c5eafa1249167f27,78,4,16,16,1275,1124.6,0.538,0,0.0,0.0,0.0,True,42,80
0.1916,0.0,0.1759,0.0385,0.3845,0.0694,0.4381,1.0,0.2835,4.0,0.0,1.0,0.0,0.0,0.0,1.0,1.0,1.0,0.4318783545782288,12.665064286843009,21.576380880967005,257.08719859332024,515c6c4adf3ce3ea,78,4,16,16,1139,1138.1,0.432,0,0.0,0.0,0.0,True,42,80
0.1823,0.0,0.2104,0.0285,0.4447,0.243,0.4864,0.3333,0.0767,4.0,1.0,1.0,0.0,0.0,1.0,2.0,2.0,1.0,0.5180352850989469,11.505315908403414,22.71964883123813,201.07078899329656,9ed6247bba98a331,78,4,16,24,1467,1316.4,0.518,0,0.0,0.0,0.0,True,42,80
0.2351,0.0,0.2068,0.0959,0.3845,0.2289,0.391,0.6667,0.0775,4.0,0.0,1.0,0.0,0.0,0.0,1.0,1.0,1.0,0.5177149368809323,11.081276735843202,23.024701882208664,170.94349747695836,e0ac5d3d6b7c9f1c,80,4,16,16,1139,1138.1,0.518,0,0.0,0.0,0.0,True,42,80
0.1845,0.0,0.1742,0.0309,0.3799,0.1381,0.4949,0.6667,0.0656,4.0,1.0,0.0,0.0,0.0,0.0,1.0,2.0,1.0,0.5226695400674402,11.613438079639296,22.567602959320606,219.98489472758152,3188640049ada68a,79,4,16,16,1275,1124.6,0.523,0,0.0,0.0,0.0,True,42,80
0.1936,0.0,0.175,0.0412,0.3434,0.0651,0.4342,1.0,0.2281,4.0,0.0,0.0,0.0,0.0,0.0,0.0,1.0,2.0,0.4549781799394868,10.164051761311077,21.557434933498406,234.84661976789874,55b6e2c2fdb2f024,80,4,16,8,1017,1016.6,0.455,0,0.0,0.0,0.0,True,42,80
0.1919,0.0,0.1675,0.03,0.3799,0.1754,0.4625,0.6667,0.0705,4.0,1.0,0.0,0.0,0.0,0.0,1.0,1.0,1.0,0.5206453422012948,11.612284144384526,22.934047593220136,199.82739220156148,1ba85bdd6b44f1b4,74,4,16,16,1125,1124.6,0.521,0,0.0,0.0,0.0,True,42,80
0.185,0.0,0.1711,0.0371,0.3434,0.0926,0.4944,1.0,0.0662,4.0,0.0,0.0,0.0,0.0,0.0,0.0,2.0,1.0,0.5224028427545213,11.613438079639296,22.567602959320606,219.98489472758152,1aee74a89f70bd94,74,4,16,8,1167,1016.6,0.522,0,0.0,0.0,0.0,True,42,80
0.2312,0.0,0.1859,0.0579,0.3434,0.1126,0.3834,1.0,0.1056,4.0,0.0,0.0,0.0,0.0,0.0,0.0,2.0,1.0,0.5060122037912784,11.559397884599983,22.82113013194007,209.21843593900985,9608dfaaba703670,76,4,16,8,1167,1016.6,0.506,0,0.0,0.0,0.0,True,42,80
0.2238,0.0,0.214,0.0699,0.3434,0.093,0.3864,1.0,0.0774,4.0,0.0,0.0,0.0,0.0,0.0,0.0,2.0,1.0,0.5177509691863857,11.512318514204704,22.55832951739312,219.8056669324647,e9999db62ab3072c,73,4,16,8,1167,1016.6,0.518,0,0.0,0.0,0.0,True,42,80
0.223,0.0,0.2044,0.0615,0.4331,0.25,0.3644,0.3333,0.2355,4.0,1.0,1.0,0.0,1.0,0.0,2.0,1.0,1.0,0.451894745212799,11.613490417186046,22.819994792118678,197.29435837123964,a667172b35e2d440,68,4,16,24,1283,1282.1,0.452,0,0.0,0.0,0.0,True,42,80
0.236,0.0,0.1739,0.0349,0.3434,0.0902,0.4261,1.0,0.2228,4.0,0.0,0.0,0.0,0.0,0.0,0.0,2.0,1.0,0.4571835431642523,11.644184882512878,22.981877198259262,221.26946032839803,80ac9f4ab7074944,78,4,16,8,1167,1016.6,0.457,0,0.0,0.0,0.0,True,42,80
0.2492,0.0,0.192,0.1283,0.421,0.2132,0.4033,0.3333,0.0877,4.0,1.0,1.0,0.0,0.0,0.0,2.0,1.0,1.0,0.5134388564602241,11.476109085877674,22.701176173715822,199.8547121581057,7a70ac688a449559,76,4,16,24,1247,1246.1,0.513,0,0.0,0.0,0.0,True,42,80
0.2329,0.0,0.1744,0.065,0.3799,0.1217,0.3958,0.6667,0.1258,4.0,1.0,0.0,0.0,0.0,0.0,1.0,2.0,1.0,0.49758812602511615,11.553143226313457,24.405000694940036,228.84528431635604,f170e5a9605d410d,73,4,16,16,1275,1124.6,0.498,0,0.0,0.0,0.0,True,42,80
0.2208,0.0,0.22,0.0487,0.4331,0.2526,0.3676,0.3333,0.1766,4.0,1.0,1.0,0.0,1.0,0.0,2.0,1.0,1.0,0.47643418165203577,11.06505025386733,21.665501112533736,195.87770906141287,09c0502e1939decb,77,4,16,24,1283,1282.1,0.476,0,0.0,0.0,0.0,True,42,80
0.1758,0.0,0.2179,0.0313,0.3799,0.1753,0.4899,0.6667,0.0607,4.0,1.0,0.0,0.0,0.0,0.0,1.0,1.0,2.0,0.5246965214502461,11.613179096343186,22.934372615483262,199.89783365521654,10e7e25542a0fc5b,78,4,16,16,1233,1124.6,0.525,0,0.0,0.0,0.0,True,42,80
0.1697,0.0,0.1728,0.033,0.3845,0.1383,0.502,0.6667,0.2186,4.0,0.0,1.0,0.0,0.0,0.0,1.0,2.0,1.0,0.458919992063771,11.609700143336475,21.21793624795655,219.86889476122892,2141424ceafdb1cd,77,4,16,16,1289,1138.1,0.459,0,0.0,0.0,0.0,True,42,80
0.2155,0.0,0.1725,0.0592,0.3434,0.1083,0.4297,1.0,0.0463,4.0,0.0,0.0,0.0,0.0,0.0,0.0,2.0,1.0,0.5307084232122349,12.738983651338971,22.59788223332319,211.51207129521708,e23b7ef7087499c6,78,4,16,8,1167,1016.6,0.531,0,0.0,0.0,0.0,True,42,80
0.2445,0.0,0.2007,0.1277,0.421,0.1505,0.4125,0.3333,0.0877,4.0,1.0,1.0,0.0,0.0,0.0,2.0,2.0,1.0,0.5134388564602241,11.707772049781399,23.02315151487343,233.7220052907437,a852a689487fda4f,74,4,16,24,1397,1246.1,0.513,0,0.0,0.0,0.0,True,42,80
0.2206,0.0,0.1897,0.0555,0.3845,0.1649,0.3616,0.6667,0.0892,4.0,0.0,1.0,0.0,0.0,0.0,1.0,1.0,2.0,0.5128423522049037,11.059399280398049,22.459934136820756,205.50846035999754,703c086accc91061,80,4,16,16,1139,1138.1,0.513,0,0.0,0.0,0.0,True,42,80
0.1994,0.0,0.2147,0.041,0.4331,0.2077,0.4073,0.6667,0.1297,4.0,1.0,1.0,0.0,1.0,0.0,2.0,1.0,1.0,0.4959388605682387,11.480327434657289,22.080411469584384,220.1536019457928,8173067a3148fb63,75,4,16,24,1283,1282.1,0.496,0,0.0,0.0,0.0,True,42,80
0.223,0.0,0.1721,0.1138,0.3845,0.1748,0.4097,0.6667,0.0877,4.0,0.0,1.0,0.0,0.0,0.0,1.0,1.0,1.0,0.5134388564602241,12.720485570883099,23.036606261060328,200.1618828705428,04e3b779c2cc98ac,80,4,16,16,1139,1138.1,0.513,0,0.0,0.0,0.0,True,42,80
0.245,0.0,0.1942,0.094,0.421,0.2245,0.413,0.3333,0.0832,4.0,1.0,1.0,0.0,0.0,0.0,2.0,1.0,1.0,0.5153488618260357,12.653642229513988,22.93726226017848,193.7464489263871,3e3d56532f18f223,68,4,16,24,1247,1246.1,0.515,0,0.0,0.0,0.0,True,42,80
0.23,0.0,0.1749,0.065,0.421,0.1595,0.3963,0.6667,0.1172,4.0,1.0,1.0,0.0,0.0,0.0,2.0,1.0,1.0,0.5011794256269174,11.553210259302272,24.405000694940036,228.84528431635604,65883d56a8252ab8,79,4,16,24,1247,1246.1,0.501,0,0.0,0.0,0.0,True,42,80
0.1805,0.0,0.2247,0.0281,0.4331,0.2513,0.4685,0.3333,0.2691,4.0,1.0,1.0,0.0,1.0,0.0,2.0,1.0,2.0,0.43788662117960314,11.520667470358731,22.98630925361675,196.5867799358773,9080fc1dd6792c9a,80,4,16,24,1391,1282.1,0.438,0,0.0,0.0,0.0,True,42,80
0.2017,0.0,0.1762,0.0577,0.3921,0.2639,0.4311,0.6667,0.0437,4.0,1.0,0.0,0.0,1.0,0.0,1.0,1.0,1.0,0.531781378265775,10.110580546628805,22.720520547061096,172.50764831280924,43a72e2ee09b7006,78,4,16,16,1161,1160.6,0.532,0,0.0,0.0,0.0,True,42,80
0.178,0.0,0.2397,0.0279,0.3967,0.2061,0.418,0.6667,0.0603,4.0,0.0,1.0,0.0,1.0,0.0,1.0,2.0,1.0,0.5248616379102398,11.609700143336475,22.95215804816483,203.7213201152352,177d643762546e4c,80,4,16,16,1325,1174.1,0.525,0,0.0,0.0,0.0,True,42,80
0.1776,0.0,0.229,0.0283,0.3434,0.148,0.4593,1.0,0.0003,4.0,0.0,0.0,0.0,0.0,0.0,0.0,2.0,1.0,0.5498711698080457,11.59608688075828,22.98599173651046,190.07792098018433,c1af6f8e54a8549b,80,4,16,8,1167,1016.6,0.55,0,0.0,0.0,0.0,True,42,80
0.2245,0.0,0.1893,0.0702,0.421,0.2113,0.4268,0.3333,0.3124,4.0,1.0,1.0,0.0,0.0,0.0,2.0,1.0,1.0,0.4198238980535712,11.078659694270113,21.665215926664736,200.8797303148548,dfbb029c5d82e948,79,4,16,24,1247,1246.1,0.42,0,0.0,0.0,0.0,True,42,80
0.1905,0.0,0.1697,0.0169,0.3845,0.1884,0.4071,0.6667,0.1867,4.0,0.0,1.0,0.0,0.0,0.0,1.0,1.0,1.0,0.47221956325911885,9.520536250924417,18.01179460854858,192.79405125067353,da05b1c60a481b03,32,4,16,16,1139,1138.1,0.472,0,0.0,0.0,0.0,True,7,80
0.2147,0.0,0.1729,0.0075,0.3434,0.1522,0.4115,1.0,0.2111,4.0,0.0,0.0,0.0,0.0,0.0,0.0,1.0,1.0,0.462061310218924,9.520520216015473,16.401088447530782,187.81725769358874,3a0224838d263276,41,4,16,8,1017,1016.6,0.462,0,0.0,0.0,0.0,True,7,80
0.1852,0.0,0.1629,0.0136,0.4251,0.192,0.4465,0.3333,0.2119,4.0,0.0,1.0,1.0,0.0,0.0,2.0,2.0,1.0,0.4617191018672045,9.520350641670007,16.394429388352197,211.34354059286628,c39d73bdce904638,61,4,16,24,1409,1258.2,0.462,0,0.0,0.0,0.0,True,7,80
0.1952,0.0,0.1477,0.0066,0.3434,0.0562,0.4919,1.0,0.1362,4.0,0.0,0.0,0.0,0.0,0.0,0.0,1.0,2.0,0.4932339864595137,9.521096355548588,18.16189847005745,239.6453496283823,db9ea808b68ae3c9,67,4,16,8,1017,1016.6,0.493,0,0.0,0.0,0.0,True,7,80
0.2258,0.0,0.2273,0.0207,0.3434,0.135,0.201,1.0,0.1498,4.0,0.0,0.0,0.0,0.0,0.0,0.0,1.0,1.0,0.48757297314349196,9.521638993102284,16.4305212002426,197.07835701846477,d9a445cfd2ba542d,68,4,16,8,1017,1016.6,0.488,0,0.0,0.0,0.0,True,7,80
0.1545,0.0,0.1606,0.0214,0.3799,0.1611,0.4508,0.6667,0.314,4.0,1.0,0.0,0.0,0.0,0.0,1.0,1.0,1.0,0.4191505746316308,9.326656367885194,16.407625489438065,207.5483629699034,e776c510e0dcaf60,74,4,16,16,1125,1124.6,0.419,0,0.0,0.0,0.0,True,7,80
0.2181,0.0,0.158,0.0115,0.4037,0.2488,0.4467,0.6667,0.3539,4.0,1.0,0.0,0.0,0.0,1.0,1.0,2.0,1.0,0.40255365499472134,9.5200272227059,17.975355491725832,180.6387639165055,4932eba2a46cd2d6,74,4,16,16,1345,1194.9,0.403,0,0.0,0.0,0.0,True,7,80
0.2194,0.0,0.173,0.0053,0.3434,0.1351,0.4138,1.0,0.1495,4.0,0.0,0.0,0.0,0.0,0.0,0.0,1.0,1.0,0.48769510659552673,9.5207734533688,16.417733626354824,197.05280926141495,fdbbe2fdaa87609d,76,4,16,8,1017,1016.6,0.488,0,0.0,0.0,0.0,True,7,80
0.2102,0.0,0.2037,0.0341,0.3556,0.1574,0.2875,1.0,0.0584,4.0,0.0,0.0,0.0,1.0,0.0,0.0,1.0,1.0,0.5256853530725693,9.51985241592918,18.152283839976953,209.57454184912166,89ab6bcd889043a5,78,4,16,8,1053,1052.6,0.526,0,0.0,0.0,0.0,True,7,80
0.1885,0.0,0.1392,0.009,0.3434,0.1385,0.5187,1.0,0.1911,4.0,0.0,0.0,0.0,0.0,0.0,0.0,1.0,1.0,0.47038734235462515,9.516904619122718,16.212169541294074,195.22416629857733,8518163153c90509,78,4,16,8,1017,1016.6,0.47,0,0.0,0.0,0.0,True,7,80
0.2258,0.0,0.2273,0.0207,0.3434,0.1351,0.201,1.0,0.1498,4.0,0.0,0.0,0.0,0.0,0.0,0.0,1.0,1.0,0.48757297314349196,9.521638993102284,16.4305212002426,197.02186165805534,7301fe9d9b725694,79,4,16,8,1017,1016.6,0.488,0,0.0,0.0,0.0,True,7,80
0.2558,0.0,0.1731,0.0074,0.384,0.1858,0.4136,0.6667,0.1542,4.0,0.0,0.0,1.0,0.0,0.0,1.0,1.0,1.0,0.4857439459829966,9.519793547800884,16.44349032457157,194.22841316733022,1d5d89c2235fb914,80,4,16,16,1137,1136.8,0.486,0,0.0,0.0,0.0,True,7,80
0.1885,0.0,0.1392,0.009,0.3434,0.1385,0.5187,1.0,0.1911,4.0,0.0,0.0,0.0,0.0,0.0,0.0,1.0,1.0,0.47038734235462515,9.516904619122718,16.212169541294074,195.22416629857733,8518163153c90509,80,4,16,8,1017,1016.6,0.47,0,0.0,0.0,0.0,True,7,80
0.205,0.0,0.2177,0.0746,0.3556,0.1667,0.242,1.0,0.1497,4.0,0.0,0.0,0.0,1.0,0.0,0.0,1.0,1.0,0.4876124588693471,9.520017028762084,16.4302683519483,204.52217030387501,523125928be21601,80,4,16,8,1053,1052.6,0.488,0,0.0,0.0,0.0,True,7,80
0.223,0.0,0.2007,0.0109,0.3799,0.1566,0.3021,0.6667,0.3915,4.0,1.0,0.0,0.0,0.0,0.0,1.0,1.0,1.0,0.38687691836895893,9.519659376938199,16.587257872576835,209.98128404612208,aad99da87c3787b9,80,4,16,16,1125,1124.6,0.387,0,0.0,0.0,0.0,True,7,80
0.1852,0.0,0.1629,0.0136,0.4251,0.192,0.4465,0.3333,0.2119,4.0,0.0,1.0,1.0,0.0,0.0,2.0,2.0,1.0,0.4617191018672045,9.520350641670007,16.394429388352197,211.34354059286628,c39d73bdce904638,80,4,16,24,1409,1258.2,0.462,0,0.0,0.0,0.0,True,7,80
0.2232,0.0,0.1959,0.0187,0.3434,0.1071,0.3231,1.0,0.1304,4.0,0.0,0.0,0.0,0.0,0.0,0.0,1.0,1.0,0.4956596525219751,9.521071887556444,17.220020666507622,212.1408150933116,a9228ccd0c171f4a,80,4,16,8,1017,1016.6,0.496,0,0.0,0.0,0.0,True,7,80
0.2388,0.0,0.2122,0.0122,0.384,0.1576,0.2574,0.6667,0.304,4.0,0.0,0.0,1.0,0.0,0.0,1.0,1.0,1.0,0.42331956976578894,9.520191494569687,18.073168495389027,209.4211157581018,f8c94527f0626b00,80,4,16,16,1137,1136.8,0.423,0,0.0,0.0,0.0,True,7,80
0.2463,0.0,0.1782,0.0097,0.4205,0.2476,0.3812,0.3333,0.3494,4.0,1.0,0.0,1.0,0.0,0.0,2.0,2.0,1.0,0.40443035683893197,9.519797733653947,17.86128907131396,181.30544543546307,a58b2478c7cfe50f,78,4,16,24,1395,1244.8,0.404,0,0.0,0.0,0.0,True,7,80
0.2432,0.0,0.2085,0.0158,0.3556,0.1707,0.2734,1.0,0.2316,4.0,0.0,0.0,0.0,1.0,0.0,0.0,1.0,1.0,0.453482725089889,9.52055900054075,18.086851166632865,202.35418774853932,08058825bfb3a3f2,80,4,16,8,1053,1052.6,0.453,0,0.0,0.0,0.0,True,7,80
0.2156,0.0,0.1998,0.0209,0.3794,0.2476,0.3094,1.0,0.0709,4.0,0.0,0.0,0.0,1.0,1.0,0.0,2.0,1.0,0.5204414974859087,9.521082808447268,17.943201763971313,181.27571796842847,1a083c169336a3ad,79,4,16,8,1273,1122.9,0.52,0,0.0,0.0,0.0,True,7,80
0.1953,0.0,0.1493,0.0058,0.4078,0.2263,0.4935,0.6667,0.1431,4.0,0.0,0.0,1.0,0.0,1.0,1.0,1.0,1.0,0.49038108018347565,9.439206714609414,16.29165933863882,192.78501099538602,6bd894d6d7c0991b,78,4,16,16,1207,1207.0,0.49,0,0.0,0.0,0.0,True,7,80
0.1917,0.0,0.1706,0.0095,0.3921,0.2375,0.4027,0.6667,0.2778,4.0,1.0,0.0,0.0,1.0,0.0,1.0,2.0,1.0,0.4342493950899462,9.89786851480614,17.361900992126913,186.7353236372184,8ebe447c22003b60,74,4,16,16,1311,1160.6,0.434,0,0.0,0.0,0.0,True,7,80
0.1952,0.0,0.1477,0.0066,0.3434,0.0841,0.492,1.0,0.0625,4.0,0.0,0.0,0.0,0.0,0.0,0.0,1.0,2.0,0.5239692266998437,9.52103737722988,18.16189847005745,224.5776772878677,732abc3e71b639eb,79,4,16,8,1017,1016.6,0.524,0,0.0,0.0,0.0,True,7,80
0.1972,0.0,0.1542,0.0057,0.3962,0.2217,0.4738,0.6667,0.1528,4.0,0.0,0.0,1.0,1.0,0.0,1.0,1.0,1.0,0.48634744216943954,9.439206714609414,16.29165933863882,195.27395702394492,b8f4991b9bd48547,76,4,16,16,1173,1172.8,0.486,0,0.0,0.0,0.0,True,7,80
0.1893,0.0,0.2104,0.0562,0.3556,0.2014,0.278,1.0,0.1189,4.0,0.0,0.0,0.0,1.0,0.0,0.0,1.0,1.0,0.5004757299221014,9.499726290793285,16.42107666271481,185.77515456008157,6b6a3233628874ef,80,4,16,8,1053,1052.6,0.5,0,0.0,0.0,0.0,True,7,80
0.1976,0.0,0.1882,0.0733,0.3434,0.1212,0.3333,1.0,0.3,4.0,0.0,0.0,0.0,0.0,0.0,0.0,1.0,2.0,0.4250144506394616,9.521031675478675,18.174124004498644,204.5450217310985,c18e70353ba98bd2,79,4,16,8,1017,1016.6,0.425,0,0.0,0.0,0.0,True,7,80
0.1838,0.0,0.1578,0.0137,0.421,0.2162,0.4476,0.3333,0.216,4.0,1.0,1.0,0.0,0.0,0.0,2.0,2.0,1.0,0.4600089257399385,9.520864059235087,18.0158052021609,198.25109495781948,86e2bf0697f02dfd,73,4,16,24,1397,1246.1,0.46,0,0.0,0.0,0.0,True,7,80
0.2073,0.0,0.1845,0.0143,0.3921,0.2113,0.3477,0.6667,0.0921,4.0,1.0,0.0,0.0,1.0,0.0,1.0,1.0,1.0,0.5116268621220921,9.516768689614736,18.04692849313973,200.92107340822886,2f8afab920f58efb,80,4,16,16,1161,1160.6,0.512,0,0.0,0.0,0.0,True,7,80
0.1888,0.0,0.1843,0.0177,0.3434,0.0603,0.3549,1.0,0.1364,4.0,0.0,0.0,0.0,0.0,0.0,0.0,1.0,1.0,0.49315501383599414,9.320044609820954,14.239794567114945,237.45235922918528,6ac62c898e30fdaf,80,4,16,8,1017,1016.6,0.493,0,0.0,0.0,0.0,True,7,80
0.1768,0.0,0.1759,0.0296,0.3799,0.1447,0.3891,0.6667,0.1829,4.0,1.0,0.0,0.0,0.0,0.0,1.0,1.0,1.0,0.4737790114601738,9.520259853952195,16.217031875434387,216.425903285172,a211dcf39b33708e,79,4,16,16,1125,1124.6,0.474,0,0.0,0.0,0.0,True,7,80
0.1558,0.0,0.1988,0.0655,0.3434,0.1199,0.364,1.0,0.0873,4.0,0.0,0.0,0.0,0.0,0.0,0.0,1.0,1.0,0.5136444584835832,9.507778784783277,12.81865157171187,205.23299874765132,4db44e4a7313f6dd,78,4,16,8,1017,1016.6,0.514,0,0.0,0.0,0.0,True,7,80
0.1938,0.0,0.1966,0.0679,0.3799,0.2107,0.3163,0.6667,0.2584,4.0,1.0,0.0,0.0,0.0,0.0,1.0,1.0,1.0,0.44232991077429246,9.53268710732064,17.99730401015504,180.76508050996452,2e237560d11e4e59,77,4,16,16,1125,1124.6,0.442,0,0.0,0.0,0.0,True,7,80
0.2144,0.0,0.1944,0.0208,0.3799,0.2084,0.3198,0.6667,0.3815,4.0,1.0,0.0,0.0,0.0,0.0,1.0,1.0,1.0,0.39102745539026124,9.52071398863869,17.99144701853664,181.98298487438555,cdb06bd66cf4b98b,75,4,16,16,1125,1124.6,0.391,0,0.0,0.0,0.0,True,7,80
0.1819,0.0,0.1526,0.0178,0.3434,0.0861,0.4691,1.0,0.1949,4.0,0.0,0.0,0.0,0.0,0.0,0.0,2.0,1.0,0.4687716573577364,9.5210385872193,16.40002471452125,223.5015674194367,d2c6472b725548d6,70,4,16,8,1167,1016.6,0.469,0,0.0,0.0,0.0,True,7,80
0.1964,0.0,0.151,0.0055,0.4078,0.1932,0.4805,0.6667,0.3004,4.0,0.0,0.0,1.0,0.0,1.0,1.0,1.0,2.0,0.4248264457936091,9.5210385872193,18.164723952328323,210.68787755748997,642b139fd352143c,73,4,16,16,1207,1207.0,0.425,0,0.0,0.0,0.0,True,7,80
0.2085,0.0,0.1856,0.0143,0.3967,0.2113,0.3438,0.6667,0.0921,4.0,0.0,1.0,0.0,1.0,0.0,1.0,1.0,1.0,0.5116268621220921,9.516768689614736,18.04692849313973,200.92107340822886,e7da9839018d5afd,80,4,16,16,1175,1174.1,0.512,0,0.0,0.0,0.0,True,7,80
0.1862,0.0,0.2038,0.0489,0.3434,0.1373,0.2969,1.0,0.1629,4.0,0.0,0.0,0.0,0.0,0.0,0.0,1.0,1.0,0.4821101693478369,9.021018846413655,16.41222129137406,195.8719529742644,d1f8c12b13cff07b,78,4,16,8,1017,1016.6,0.482,0,0.0,0.0,0.0,True,7,80
0.1583,0.0,0.1662,0.0368,0.3799,0.1611,0.4354,0.6667,0.3143,4.0,1.0,0.0,0.0,0.0,0.0,1.0,1.0,1.0,0.41903349519369876,8.932562033120178,16.407625489438065,207.5483629699034,02cae8ca3bc73681,78,4,16,16,1125,1124.6,0.419,0,0.0,0.0,0.0,True,7,80
0.1784,0.0,0.1685,0.0264,0.3434,0.0992,0.413,1.0,0.1879,4.0,0.0,0.0,0.0,0.0,0.0,0.0,1.0,1.0,0.47170716426004533,9.520259853952195,16.30023580818164,216.425903285172,bf5d2f0853e7bbbc,67,4,16,8,1017,1016.6,0.472,0,0.0,0.0,0.0,True,7,80
0.2249,0.0,0.2015,0.0084,0.3434,0.1122,0.2982,1.0,0.233,4.0,0.0,0.0,0.0,0.0,0.0,0.0,1.0,1.0,0.4528993218961455,9.520191494569687,16.52742737237167,209.4211157581018,4db9fd4454b16b2d,79,4,16,8,1017,1016.6,0.453,0,0.0,0.0,0.0,True,7,80
0.1834,0.0,0.1596,0.0122,0.4037,0.1935,0.4501,0.6667,0.2119,4.0,1.0,0.0,0.0,0.0,1.0,1.0,2.0,1.0,0.4617057432818757,9.531839186937338,16.509790318429783,210.48700622523563,a6e0dd61f714ac83,78,4,16,16,1345,1194.9,0.462,0,0.0,0.0,0.0,True,7,80
0.1905,0.0,0.1697,0.0169,0.3845,0.1884,0.4071,0.6667,0.1867,4.0,0.0,1.0,0.0,0.0,0.0,1.0,1.0,1.0,0.47221956325911885,9.520536250924417,18.01179460854858,192.79405125067353,da05b1c60a481b03,80,4,16,16,1139,1138.1,0.472,0,0.0,0.0,0.0,True,7,80
0.2277,0.0,0.1984,0.0134,0.3845,0.2025,0.3052,0.6667,0.2829,4.0,0.0,1.0,0.0,0.0,0.0,1.0,1.0,1.0,0.43213096760497033,9.534583805984676,16.39796616599883,185.22107764297579,9566b2e4957d3cce,75,4,16,16,1139,1138.1,0.432,0,0.0,0.0,0.0,True,7,80
0.1877,0.0,0.1596,0.025,0.3434,0.127,0.4435,1.0,0.2515,4.0,0.0,0.0,0.0,0.0,0.0,0.0,1.0,1.0,0.44522378555056635,9.50710960563616,18.09970584320119,201.42316265584742,d8c9504862f18e75,75,4,16,8,1017,1016.6,0.445,0,0.0,0.0,0.0,True,7,80
0.1747,0.0,0.1969,0.0599,0.3434,0.1533,0.3296,1.0,0.1072,4.0,0.0,0.0,0.0,0.0,0.0,0.0,1.0,1.0,0.5053142939142378,9.519764741219387,14.105091577607052,187.19322296692394,536de5843020f8eb,80,4,16,8,1017,1016.6,0.505,0,0.0,0.0,0.0,True,7,80
0.1711,0.0,0.1671,0.0136,0.3967,0.1403,0.4277,0.6667,0.1353,4.0,0.0,1.0,0.0,1.0,0.0,1.0,1.0,1.0,0.49361386054384676,9.532960096476526,18.12689006690876,239.22008667283202,2a7f6e31d27df85a,76,4,16,16,1175,1174.1,0.494,0,0.0,0.0,0.0,True,7,80
0.1663,0.0,0.2088,0.0526,0.3799,0.1987,0.3319,0.6667,0.2999,4.0,1.0,0.0,0.0,0.0,0.0,1.0,1.0,1.0,0.4250243984763571,9.507778784783277,14.18911194635013,187.2704999418724,7f90e7c56bd3b4ce,67,4,16,16,1125,1124.6,0.425,0,0.0,0.0,0.0,True,7,80
0.1914,0.0,0.1822,0.0428,0.384,0.1987,0.3566,0.6667,0.1106,4.0,0.0,0.0,1.0,0.0,0.0,1.0,2.0,1.0,0.5039074775996898,9.507778784783277,14.205925545168771,187.26697084117413,7e9af88169bef609,74,4,16,16,1287,1136.8,0.504,0,0.0,0.0,0.0,True,7,80
0.2291,0.0,0.2204,0.021,0.3556,0.21,0.223,1.0,0.1217,4.0,0.0,0.0,0.0,1.0,0.0,0.0,1.0,1.0,0.499284508049302,9.881606372310952,16.391407503984322,181.12884640854193,f397c0632772c660,79,4,16,8,1053,1052.6,0.499,0,0.0,0.0,0.0,True,7,80
0.2118,0.0,0.1956,0.0243,0.3434,0.1268,0.315,1.0,0.3383,4.0,0.0,0.0,0.0,0.0,0.0,0.0,1.0,1.0,0.409024779512208,8.832994871901645,18.07242664236753,201.52891893746974,98ff929111c0fb6b,78,4,16,8,1017,1016.6,0.409,0,0.0,0.0,0.0,True,7,80
0.1936,0.0,0.1928,0.0395,0.3556,0.2061,0.3257,1.0,0.114,4.0,0.0,0.0,0.0,1.0,0.0,0.0,1.0,1.0,0.5024950131246387,9.50739897641912,16.41457975115748,183.24170029663767,226298c3162ea8b2,74,4,16,8,1053,1052.6,0.502,0,0.0,0.0,0.0,True,7,80
0.1997,0.0,0.1692,0.0298,0.3434,0.0919,0.4016,1.0,0.1386,4.0,0.0,0.0,0.0,0.0,0.0,0.0,1.0,1.0,0.4922409314664312,9.533742345496877,17.9749926951113,220.36058965832947,12acd4c1e91bdfe0,77,4,16,8,1017,1016.6,0.492,0,0.0,0.0,0.0,True,7,80
0.22,0.0,0.2184,0.0175,0.3434,0.1271,0.2326,1.0,0.1828,4.0,0.0,0.0,0.0,0.0,0.0,0.0,1.0,1.0,0.47382010895172866,9.532137634586835,16.4305212002426,201.3533263335571,eb6d79a1ba40e87b,67,4,16,8,1017,1016.6,0.474,0,0.0,0.0,0.0,True,7,80
0.2119,0.0,0.2076,0.0283,0.3434,0.1119,0.274,1.0,0.0584,4.0,0.0,0.0,0.0,0.0,0.0,0.0,1.0,1.0,0.5256554170454464,9.51985241592918,18.15836653046692,209.56024734156622,68c37dffefbfb2c6,80,4,16,8,1017,1016.6,0.526,0,0.0,0.0,0.0,True,7,80
0.1642,0.0,0.2032,0.0639,0.3799,0.1988,0.3425,0.6667,0.1065,4.0,1.0,0.0,0.0,0.0,0.0,1.0,1.0,1.0,0.50561064987352,9.507778784783277,14.205925545168771,187.19322296692394,77eac9f40ef93651,65,4,16,16,1125,1124.6,0.506,0,0.0,0.0,0.0,True,7,80
0.2315,0.0,0.2225,0.0206,0.3434,0.1344,0.2152,1.0,0.1217,4.0,0.0,0.0,0.0,0.0,0.0,0.0,1.0,1.0,0.499284508049302,9.521596191895515,16.415552444452373,197.43865416530218,216a3888ddaf20fb,74,4,16,8,1017,1016.6,0.499,0,0.0,0.0,0.0,True,7,80
0.1801,0.0,0.1803,0.0269,0.3799,0.1885,0.4148,0.6667,0.3491,4.0,1.0,0.0,0.0,0.0,0.0,1.0,2.0,1.0,0.40455207575385665,9.520873517804748,17.238701737219138,192.75465803615904,faa895d0d974cb5e,69,4,16,16,1275,1124.6,0.405,0,0.0,0.0,0.0,True,7,80
0.1906,0.0,0.213,0.053,0.3799,0.2014,0.2711,0.6667,0.2999,4.0,1.0,0.0,0.0,0.0,0.0,1.0,1.0,1.0,0.4250243984763571,9.499726290793285,14.291753496817176,185.77515456008157,a9a2ec273ab0f781,76,4,16,16,1125,1124.6,0.425,0,0.0,0.0,0.0,True,7,80
0.1976,0.0,0.1504,0.0055,0.3434,0.1348,0.48,1.0,0.2947,4.0,0.0,0.0,0.0,0.0,0.0,0.0,1.0,2.0,0.42721960436399137,9.5207640383627,18.128321284250966,197.19615667873404,7c0989f8e4b489da,77,4,16,8,1017,1016.6,0.427,0,0.0,0.0,0.0,True,7,80
0.1892,0.0,0.1416,0.0071,0.3434,0.0921,0.5137,1.0,0.1386,4.0,0.0,0.0,0.0,0.0,0.0,0.0,1.0,1.0,0.4922409314664312,9.533742345496877,17.9749926951113,220.2828665644874,e1724cecffe23ce1,74,4,16,8,1017,1016.6,0.492,0,0.0,0.0,0.0,True,7,80
0.1639,0.0,0.1691,0.0201,0.3845,0.1818,0.4226,0.6667,0.324,4.0,0.0,1.0,0.0,0.0,0.0,1.0,1.0,1.0,0.41499258366314784,9.520257000628238,16.412690365904595,196.39559220698686,55d99b1c1cc7de0c,77,4,16,16,1139,1138.1,0.415,0,0.0,0.0,0.0,True,7,80
0.1722,0.0,0.1754,0.0199,0.3845,0.1709,0.39,0.6667,0.3295,4.0,0.0,1.0,0.0,0.0,0.0,1.0,1.0,1.0,0.4127001543197622,8.833613227136349,18.074185086480902,202.24489764310047,b6f2767ddb22f48a,77,4,16,16,1139,1138.1,0.413,0,0.0,0.0,0.0,True,7,80
0.2076,0.0,0.2164,0.0316,0.384,0.1571,0.2494,0.6667,0.1717,4.0,0.0,0.0,1.0,0.0,0.0,1.0,1.0,1.0,0.4784663177485632,9.53193287408966,16.4305212002426,209.70121691890623,207fc6e180f71a9c,70,4,16,16,1137,1136.8,0.478,0,0.0,0.0,0.0,True,7,80
0.1987,0.0,0.1688,0.0346,0.3799,0.1334,0.4068,0.6667,0.1655,4.0,1.0,0.0,0.0,0.0,0.0,1.0,1.0,1.0,0.4810358840644885,9.520798865605308,16.464943825432492,222.5084722761269,a519bc0e9289c28b,70,4,16,16,1125,1124.6,0.481,0,0.0,0.0,0.0,True,7,80
0.1744,0.0,0.1967,0.0598,0.3799,0.1988,0.3304,0.6667,0.1065,4.0,1.0,0.0,0.0,0.0,0.0,1.0,1.0,1.0,0.50561064987352,9.519764741219387,14.105091577607052,187.19322296692394,477b1dbe7c88cf86,77,4,16,16,1125,1124.6,0.506,0,0.0,0.0,0.0,True,7,80
0.1978,0.0,0.1538,0.0057,0.3921,0.2217,0.4702,0.6667,0.2677,4.0,1.0,0.0,0.0,1.0,0.0,1.0,1.0,1.0,0.4384620090700846,9.439206714609414,17.825872854721123,195.27395702394492,0ddd02a38aff4ec0,76,4,16,16,1161,1160.6,0.438,0,0.0,0.0,0.0,True,7,80
0.185,0.0,0.1788,0.0178,0.3434,0.0603,0.3713,1.0,0.209,4.0,0.0,0.0,0.0,0.0,0.0,0.0,1.0,1.0,0.46291091894261055,9.320044609820954,14.18911194635013,237.45235922918528,1af1da5c6b2ef812,78,4,16,8,1017,1016.6,0.463,0,0.0,0.0,0.0,True,7,80
0.2401,0.0,0.2109,0.0132,0.3556,0.1709,0.2616,1.0,0.3038,4.0,0.0,0.0,0.0,1.0,0.0,0.0,1.0,1.0,0.42343322844613174,9.52055900054075,18.086851166632865,202.23379335276906,41288b861aa876c0,76,4,16,8,1053,1052.6,0.423,0,0.0,0.0,0.0,True,7,80
0.2378,0.0,0.211,0.0119,0.384,0.1576,0.2606,0.6667,0.2319,4.0,0.0,0.0,1.0,0.0,0.0,1.0,1.0,1.0,0.4533690664095463,9.520191494569687,18.073168495389027,209.4211157581018,6aaa38754788810b,79,4,16,16,1137,1136.8,0.453,0,0.0,0.0,0.0,True,7,80
0.2372,0.0,0.2017,0.0157,0.3967,0.2411,0.3014,0.6667,0.3088,4.0,0.0,1.0,0.0,1.0,0.0,1.0,2.0,1.0,0.42131257876200473,9.899156813649114,16.417513940865977,184.8177946289144,c89ce076cc35fbce,74,4,16,16,1325,1174.1,0.421,0,0.0,0.0,0.0,True,7,80
0.2221,0.0,0.1912,0.0277,0.3845,0.1665,0.3438,0.6667,0.0855,4.0,0.0,1.0,0.0,0.0,0.0,1.0,1.0,1.0,0.514389475597546,9.52054517124381,16.419356738675727,204.63421533972394,6d1f7b314f5dfb83,65,4,16,16,1139,1138.1,0.514,0,0.0,0.0,0.0,True,7,80
0.2238,0.0,0.2257,0.021,0.3845,0.1798,0.2081,0.6667,0.1634,4.0,0.0,1.0,0.0,0.0,0.0,1.0,1.0,1.0,0.4819087828044672,9.532145881784345,16.4305212002426,197.4343799125275,c590a7831e121fbd,56,4,16,16,1139,1138.1,0.482,0,0.0,0.0,0.0,True,7,80
0.1807,0.0,0.1533,0.0136,0.3845,0.1835,0.4632,0.6667,0.1924,4.0,0.0,1.0,0.0,0.0,0.0,1.0,2.0,1.0,0.4698470559016552,9.520864059235087,18.022286985820028,195.45198552592396,62c87c003de1fb0c,76,4,16,16,1289,1138.1,0.47,0,0.0,0.0,0.0,True,7,80
0.1874,0.0,0.209,0.051,0.3556,0.2005,0.2828,1.0,0.1027,4.0,0.0,0.0,0.0,1.0,0.0,0.0,1.0,1.0,0.5072029635944987,8.925950275055936,14.280629938798997,186.275700488607,c54367d12ca04cab,79,4,16,8,1053,1052.6,0.507,0,0.0,0.0,0.0,True,7,80
0.2018,0.0,0.1898,0.0271,0.3556,0.2098,0.3299,1.0,0.2778,4.0,0.0,0.0,0.0,1.0,0.0,0.0,1.0,1.0,0.4342542650053632,9.902042107973562,16.391408868152674,181.24455415294446,5dbfbfcd38855123,78,4,16,8,1053,1052.6,0.434,0,0.0,0.0,0.0,True,7,80
0.2352,0.0,0.2049,0.0114,0.3845,0.1882,0.2859,0.6667,0.2643,4.0,0.0,1.0,0.0,0.0,0.0,1.0,1.0,1.0,0.4398814624209235,9.52114146753207,17.222819889319265,192.90732450480738,18593b6ad907f1ae,79,4,16,16,1139,1138.1,0.44,0,0.0,0.0,0.0,True,7,80
0.1689,0.0,0.183,0.0189,0.3845,0.1567,0.3766,0.6667,0.2999,4.0,0.0,1.0,0.0,0.0,0.0,1.0,1.0,2.0,0.4250243984763571,8.947724577306731,16.472439095817823,209.90796581852436,a5e254319df6bfef,78,4,16,16,1139,1138.1,0.425,0,0.0,0.0,0.0,True,7,80
0.2245,0.0,0.2239,0.0322,0.3556,0.1806,0.2126,1.0,0.1498,4.0,0.0,0.0,0.0,1.0,0.0,0.0,1.0,1.0,0.4876029091563026,9.521638993102284,16.424438509752633,197.03615616561078,2c59e81a33fc2177,80,4,16,8,1053,1052.6,0.488,0,0.0,0.0,0.0,True,7,80
0.2073,0.0,0.1845,0.0143,0.3556,0.1734,0.3477,1.0,0.0921,4.0,0.0,0.0,0.0,1.0,0.0,0.0,1.0,1.0,0.5116268621220921,9.516768689614736,18.04692849313973,200.92107340822886,ed3a22358bf171b2,79,4,16,8,1053,1052.6,0.512,0,0.0,0.0,0.0,True,7,80
0.1871,0.0,0.1669,0.0257,0.3434,0.1496,0.417,1.0,0.2079,4.0,0.0,0.0,0.0,0.0,0.0,0.0,1.0,1.0,0.46335998148418134,9.515967167229508,17.22859471855054,189.20345474180428,4814bda9712eea31,79,4,16,8,1017,1016.6,0.463,0,0.0,0.0,0.0,True,7,80
0.2215,0.0,0.2064,0.0198,0.3434,0.1247,0.2816,1.0,0.2197,4.0,0.0,0.0,0.0,0.0,0.0,0.0,1.0,1.0,0.4584653475786588,9.520738928796302,13.818895212034466,202.63691895414416,e9af636028ae710f,80,4,16,8,1017,1016.6,0.458,0,0.0,0.0,0.0,True,7,80
0.1817,0.0,0.1567,0.0119,0.3845,0.1783,0.4523,0.6667,0.132,4.0,0.0,1.0,0.0,0.0,0.0,1.0,1.0,1.0,0.4949944209140621,9.520864059235087,17.20175212282651,198.25109495781948,f556fc46793e5828,78,4,16,16,1139,1138.1,0.495,0,0.0,0.0,0.0,True,7,80
0.1642,0.0,0.1639,0.0309,0.3799,0.1631,0.4413,0.6667,0.2085,4.0,1.0,0.0,0.0,0.0,0.0,1.0,1.0,1.0,0.46313190365774987,8.932562033120178,14.242916460431864,206.46193995101382,41118b56bc6044a8,79,4,16,16,1125,1124.6,0.463,0,0.0,0.0,0.0,True,7,80
0.1916,0.0,0.1437,0.0078,0.3434,0.0946,0.5062,1.0,0.1418,4.0,0.0,0.0,0.0,0.0,0.0,0.0,1.0,1.0,0.49089802872272426,9.533184165549985,16.426784486207207,218.90697490431805,c2abdf936553bec3,79,4,16,8,1017,1016.6,0.491,0,0.0,0.0,0.0,True,7,80
0.2032,0.0,0.1914,0.0169,0.3434,0.0564,0.3266,1.0,0.2142,4.0,0.0,0.0,0.0,0.0,0.0,0.0,1.0,2.0,0.4607647347620592,9.532137634586835,16.526715962247625,239.5640410456577,135d136ade084840,80,4,16,8,1017,1016.6,0.461,0,0.0,0.0,0.0,True,7,80
0.1986,0.0,0.1863,0.0203,0.3434,0.1157,0.3414,1.0,0.3148,4.0,0.0,0.0,0.0,0.0,0.0,0.0,1.0,1.0,0.41883927955245426,9.326656367885194,16.407625489438065,207.5143033326272,b0d5161cb4d1eb3e,80,4,16,8,1017,1016.6,0.419,0,0.0,0.0,0.0,True,7,80
0.2328,0.0,0.2188,0.0171,0.3556,0.1702,0.2335,1.0,0.3254,4.0,0.0,0.0,0.0,1.0,0.0,0.0,1.0,1.0,0.4144280843532282,9.519887036589076,18.07242664236753,202.63845882572753,b1f1f5f3e919fec5,73,4,16,8,1053,1052.6,0.414,0,0.0,0.0,0.0,True,7,80
0.2279,0.0,0.1985,0.0135,0.3434,0.157,0.3056,1.0,0.362,4.0,0.0,0.0,0.0,0.0,0.0,0.0,2.0,1.0,0.3991723867619804,9.520835225464008,16.39796616599883,185.22107764297579,f15fb6459c815d9d,78,4,16,8,1167,1016.6,0.399,0,0.0,0.0,0.0,True,7,80
0.1982,0.0,0.1604,0.0138,0.3921,0.244,0.4402,0.6667,0.114,4.0,1.0,0.0,0.0,1.0,0.0,1.0,1.0,1.0,0.5024950131246387,9.521058359463428,17.21648371074214,183.24170029663767,ee1809b83ad9edc3,61,4,16,16,1161,1160.6,0.502,0,0.0,0.0,0.0,True,7,80
0.1814,0.0,0.1782,0.034,0.3799,0.1579,0.3763,0.6667,0.2605,4.0,1.0,0.0,0.0,0.0,0.0,1.0,1.0,1.0,0.44144514240655897,9.51985241592918,20.010514187628562,209.28652974527066,a5cda8c665dfa8f6,80,4,16,16,1125,1124.6,0.441,0,0.0,0.0,0.0,True,7,80
0.1933,0.0,0.1452,0.0079,0.3434,0.0946,0.5009,1.0,0.142,4.0,0.0,0.0,0.0,0.0,0.0,0.0,1.0,1.0,0.4908331793264593,9.520226710557292,16.426784486207207,218.90697490431805,d9edd9ffc2871727,76,4,16,8,1017,1016.6,0.491,0,0.0,0.0,0.0,True,7,80
0.193,0.0,0.203,0.0411,0.3556,0.1667,0.2962,1.0,0.1647,4.0,0.0,0.0,0.0,1.0,0.0,0.0,1.0,1.0,0.4813812429442737,9.520017028762084,16.335894399331885,204.52217030387501,d9cdf4b853919403,78,4,16,8,1053,1052.6,0.481,0,0.0,0.0,0.0,True,7,80
0.2161,0.0,0.1995,0.0209,0.3794,0.2483,0.3103,1.0,0.0709,4.0,0.0,0.0,0.0,1.0,1.0,0.0,2.0,1.0,0.5204414974859087,9.521082808447268,17.943201763971313,180.92935817169885,a6a53056d82ad370,78,4,16,8,1273,1122.9,0.52,0,0.0,0.0,0.0,True,7,80
0.2023,0.0,0.206,0.0172,0.3556,0.1798,0.2937,1.0,0.123,4.0,0.0,0.0,0.0,1.0,0.0,0.0,1.0,1.0,0.4987420168698973,9.531638465639057,16.43062201009763,197.42967465076205,2cdc1a382dde6db3,80,4,16,8,1053,1052.6,0.499,0,0.0,0.0,0.0,True,7,80
0.2311,0.0,0.2032,0.0121,0.3434,0.1247,0.2889,1.0,0.2197,4.0,0.0,0.0,0.0,0.0,0.0,0.0,1.0,1.0,0.4584653475786588,9.520738928796302,13.818895212034466,202.63691895414416,ebf7d9dcf460c879,76,4,16,8,1017,1016.6,0.458,0,0.0,0.0,0.0,True,7,80
0.2137,0.0,0.2012,0.016,0.3434,0.1626,0.3013,1.0,0.2307,4.0,0.0,0.0,0.0,0.0,0.0,0.0,1.0,1.0,0.45389276823525787,9.520184112779726,17.92029551062182,182.20229656056102,58ac7375d431208e,80,4,16,8,1017,1016.6,0.454,0,0.0,0.0,0.0,True,7,80
0.1945,0.0,0.1476,0.0066,0.3556,0.1296,0.4924,1.0,0.1362,4.0,0.0,0.0,0.0,1.0,0.0,0.0,1.0,2.0,0.4932339864595137,9.52103737722988,18.16189847005745,224.5776772878677,1702b2dc11700226,77,4,16,8,1053,1052.6,0.493,0,0.0,0.0,0.0,True,7,80
0.183,0.0,0.1652,0.0232,0.3434,0.1518,0.4249,1.0,0.3009,4.0,0.0,0.0,0.0,0.0,0.0,0.0,1.0,1.0,0.42463692809512255,9.50710960563616,18.134887364958953,188.01248931012967,78c9aec2e24bfbef,79,4,16,8,1017,1016.6,0.425,0,0.0,0.0,0.0,True,7,80
0.2126,0.0,0.1752,0.0101,0.3434,0.127,0.3796,1.0,0.1831,4.0,0.0,0.0,0.0,0.0,0.0,0.0,1.0,1.0,0.47370006648070334,9.521096355548588,18.06570370805243,201.43463491529587,a0442432f682c6d8,80,4,16,8,1017,1016.6,0.474,0,0.0,0.0,0.0,True,7,80
0.1763,0.0,0.1782,0.1213,0.421,0.341,0.6036,0.3333,0.4097,4.0,1.0,1.0,0.0,0.0,0.0,2.0,1.0,2.0,0.37931058390204636,18.027080445785387,14.92466912351563,130.83512812584783,31fcc10bf547614f,54,4,16,24,1355,1246.1,0.379,0,0.0,0.0,0.0,True,123,80
0.1496,0.0,0.2391,0.072,0.3434,0.2711,0.6093,1.0,0.4093,4.0,0.0,0.0,0.0,0.0,0.0,0.0,1.0,2.0,0.3794389400220404,17.98434700527513,15.67246496352475,123.6149300754154,4cb32b7cb128ecc7,72,4,16,8,1017,1016.6,0.379,0,0.0,0.0,0.0,True,123,80
0.1814,0.0,0.1948,0.098,0.4737,0.4203,0.5589,0.0,0.4084,4.0,1.0,1.0,1.0,1.0,0.0,3.0,1.0,2.0,0.37981297223575056,18.031374295912713,13.629578084751405,120.17153116288448,35a566107279933c,76,4,16,32,1511,1402.2,0.38,0,0.0,0.0,0.0,True,123,80
0.1814,0.0,0.1948,0.098,0.4737,0.4203,0.5589,0.0,0.4084,4.0,1.0,1.0,1.0,1.0,0.0,3.0,1.0,2.0,0.37981297223575056,18.031374295912713,13.629578084751405,120.17153116288448,35a566107279933c,78,4,16,32,1511,1402.2,0.38,0,0.0,0.0,0.0,True,123,80
0.1853,0.0,0.1917,0.0983,0.4737,0.4193,0.5458,0.0,0.4084,4.0,1.0,1.0,1.0,1.0,0.0,3.0,1.0,2.0,0.37981297223575056,18.032784072889942,13.629578084751405,120.73046435006566,744192b036ebd832,79,4,16,32,1511,1402.2,0.38,0,0.0,0.0,0.0,True,123,80
0.1676,0.0,0.2045,0.0911,0.4616,0.3975,0.5531,0.0,0.2619,4.0,1.0,1.0,1.0,0.0,0.0,3.0,1.0,2.0,0.44086393991885087,17.98476413642429,16.647255005162425,117.67371116708354,755005273ff3cd42,80,4,16,32,1475,1366.2,0.441,0,0.0,0.0,0.0,True,123,80
0.1716,0.0,0.192,0.1172,0.4331,0.358,0.5616,0.3333,0.3124,4.0,1.0,1.0,0.0,1.0,0.0,2.0,1.0,2.0,0.4198267000153058,18.743475317030658,13.613629491481662,138.97892830098007,5fa0223ec5a2c813,80,4,16,24,1391,1282.1,0.42,0,0.0,0.0,0.0,True,123,80
0.1762,0.0,0.1921,0.1148,0.4616,0.3765,0.5421,0.0,0.4123,4.0,1.0,1.0,1.0,0.0,0.0,3.0,1.0,1.0,0.3782183533417256,18.7467147091426,13.730169449998247,129.01099219661015,3c58b4742eb71f08,78,4,16,32,1367,1366.2,0.378,0,0.0,0.0,0.0,True,123,80
0.168,0.0,0.1985,0.0854,0.4331,0.3584,0.5659,0.3333,0.2954,4.0,1.0,1.0,0.0,1.0,0.0,2.0,1.0,2.0,0.4269259482820561,18.048528759081986,15.58854667603165,138.7508259653287,ad6208ff4c252c2f,79,4,16,24,1391,1282.1,0.427,0,0.0,0.0,0.0,True,123,80
0.179,0.0,0.1901,0.0853,0.4616,0.358,0.5636,0.3333,0.3467,4.0,1.0,1.0,1.0,0.0,0.0,3.0,1.0,1.0,0.40554022522370153,17.981674218017535,15.628059489971193,138.97300997181802,82063f3a7bb82e4c,80,4,16,32,1367,1366.2,0.406,0,0.0,0.0,0.0,True,123,80
0.1717,0.0,0.1889,0.1357,0.3799,0.2642,0.6052,0.6667,0.1743,4.0,1.0,0.0,0.0,0.0,0.0,1.0,1.0,2.0,0.4773555519877074,18.04992057876361,13.632618444421581,151.85283211363688,f408a9b902bf3fbf,73,4,16,16,1233,1124.6,0.477,0,0.0,0.0,0.0,True,123,80
0.1753,0.0,0.2032,0.1294,0.4331,0.3975,0.5625,0.3333,0.2527,4.0,1.0,1.0,0.0,1.0,0.0,2.0,1.0,1.0,0.44471723084694037,18.03145751082798,13.629521100268374,117.67371116708354,4fe58f18cb4b2c24,78,4,16,24,1283,1282.1,0.445,0,0.0,0.0,0.0,True,123,80
0.1538,0.0,0.2343,0.0817,0.3556,0.2964,0.6111,1.0,0.3739,4.0,0.0,0.0,0.0,1.0,0.0,0.0,2.0,2.0,0.39421856898633795,17.98434700527513,14.074470662096507,134.4825789651604,94b9c969d7e65531,62,4,16,8,1203,1052.6,0.394,0,0.0,0.0,0.0,True,123,80
0.1794,0.0,0.2151,0.127,0.4331,0.3601,0.5843,0.3333,0.1834,4.0,1.0,1.0,0.0,1.0,0.0,2.0,1.0,2.0,0.4735722496717365,18.04956101439819,14.151347967071061,137.86982719850604,ce538b31ae305f85,79,4,16,24,1391,1282.1,0.474,0,0.0,0.0,0.0,True,123,80
0.172,0.0,0.1972,0.0797,0.4331,0.3735,0.5755,0.3333,0.2623,4.0,1.0,1.0,0.0,1.0,0.0,2.0,2.0,2.0,0.4407126585977933,18.048522089080315,13.608376333799114,130.60760052174263,76761399c98699cd,78,4,16,24,1541,1282.1,0.441,0,0.0,0.0,0.0,True,123,80
0.1577,0.0,0.2464,0.0954,0.3845,0.2949,0.5847,0.6667,0.1919,4.0,0.0,1.0,0.0,0.0,0.0,1.0,1.0,2.0,0.470037245788605,17.976753510175996,14.215733210831521,135.3234444661512,cf41df3fab854cb7,79,4,16,16,1139,1138.1,0.47,0,0.0,0.0,0.0,True,123,80
0.1752,0.0,0.1807,0.1055,0.4331,0.3673,0.6061,0.3333,0.2459,4.0,1.0,1.0,0.0,1.0,0.0,2.0,1.0,2.0,0.44754833195765725,17.985329378986307,13.618803807845,133.98803461858964,c783e35aaadc35bd,77,4,16,24,1391,1282.1,0.448,0,0.0,0.0,0.0,True,123,80
0.1672,0.0,0.2048,0.091,0.421,0.3654,0.5542,0.3333,0.2619,4.0,1.0,1.0,0.0,0.0,0.0,2.0,1.0,2.0,0.44086393991885087,17.98476413642429,13.629521100268374,117.67371116708354,9365a607122cf1e6,79,4,16,24,1355,1246.1,0.441,0,0.0,0.0,0.0,True,123,80
0.1544,0.0,0.2341,0.0833,0.3556,0.3031,0.6107,1.0,0.3733,4.0,0.0,0.0,0.0,1.0,0.0,0.0,2.0,2.0,0.394462087776187,18.018418123265047,15.060166427953009,130.89424153477492,9135e20addf98e2c,78,4,16,8,1203,1052.6,0.394,0,0.0,0.0,0.0,True,123,80
