norm_F1_safeguarding,norm_F2_privacy_agency,norm_F3_everyday_life,norm_F4_service_separation,norm_F5_site_efficiency,norm_F6_adaptability,norm_F7_domestic_scale,norm_F8_community_connection,norm_F9_landscape_buffer
0.7607250612494579,0.0,0.742057978326778,0.7777466415776116,0.0,0.7434992600018738,0.0,1.0,0.3389465420016207
0.5629475378734139,0.0,0.4869717777150507,0.3166654415505178,0.21392326181785826,0.8769048722945513,0.6754597916762349,0.6666666666666667,0.24995461377189196
0.44245528661798006,0.0,0.5925470020155604,0.9957330304105907,0.4086174663936615,0.8077311154880761,0.12127473849430565,0.33333333333333337,0.48644290502983767
0.3295676523946687,0.0,0.5428840431164662,0.18209853500037926,0.0,0.2432258570422519,0.7698327636214646,1.0,0.27213346422232243
0.14126501813475217,0.0,0.6739776698923736,0.8897637024281395,0.2163268939731151,0.8938301390371871,0.3018358076360433,0.6666666666666667,0.45621521931753306
0.6225415879156028,0.0,0.7511156676841159,0.1739969962036744,0.19229057242054667,0.30640382939978417,0.8954430255971629,0.6666666666666667,0.2975441368686294
0.49418555101655054,0.0,0.7240980785068141,0.7668877540143914,0.0,0.7997344019233856,0.0887280904622873,1.0,0.6574982430994954
0.1938617204652861,0.0,0.5619792960405801,0.6963081653009099,0.40559067034630114,1.0,0.3628200972969732,0.6666666666666667,0.3292821755325073
0.6249674058516551,0.0,0.9688034536130552,0.17390398657784278,0.2163268939731151,0.3037698477270094,0.8934203685498877,0.6666666666666667,0.2910721352731024
0.33990088804543117,0.0,0.7145837687232269,0.8819219492962834,0.5554170746906436,0.9756476699778901,0.21179351787570566,0.33333333333333337,0.4787203044112174
0.35241277876002197,0.0,0.21588449408629956,0.14722967334768547,0.0,0.8047159951861557,0.6291295592223605,1.0,0.39261185131635146
0.8739912132438421,0.0,0.819952953254962,0.7673222633107781,0.0,0.3804404260285485,0.0007244312549420953,1.0,0.5846060358070654
0.23281263423950402,0.0,0.5694075550792047,0.7658626870858792,0.40559067034630114,0.4899996665419821,0.36538937100267954,0.6666666666666667,0.3292821755325073
0.41781946960009503,0.0,0.3887484154887407,0.4656682854109255,0.2163268939731151,0.3990709369372078,0.4239895200855276,0.6666666666666667,0.49677244573218693
0.21135939218193323,0.0,0.6377275612078649,0.8370772889402647,0.1892637763731863,0.8247263011970875,0.2955608786573253,1.0,0.4869487386089578
0.6396477904554382,0.0,0.6271635277245343,0.3584129571942887,0.19229057242054667,0.34927329026579645,0.5566413553809328,0.6666666666666667,0.2658173406475895
0.8266900748591882,0.0,0.5676426803575761,0.4915031425374037,0.2563874298940621,0.8587855254533756,0.014651453866232284,0.6666666666666667,0.33856801882086357
0.7460908419686466,0.0,0.2791343754454296,0.7722733900184554,0.19229057242054667,0.3941354930624526,0.011345539936828094,1.0,0.5693963541015709
0.46229881378318194,0.0,0.8006777164140356,0.7848716305319445,0.0,0.42378814051603303,0.025821175314232107,1.0,0.37547428620505185
0.4190527569289595,0.0,0.5432490419448278,0.22267445207840905,0.06409685747351546,0.30640382939978417,0.7334084206130288,1.0,0.27213346422232243
0.5006252675565154,0.0,0.45794735882803783,0.21411103524480762,0.0,0.28564082206305463,0.5614920559013734,1.0,0.5584777642192748
0.37245670348782933,0.0,0.7764583754936407,0.8356674433092534,0.0,0.6867574437916832,0.14604393011909553,1.0,0.4759457043832688
0.7941924737132235,0.0,0.8922834706147772,0.6675499187568709,0.0,0.3804404260285485,0.01667519736654312,1.0,0.5939541736094253
0.5566182559248973,0.0,0.6080393182982121,0.4505932272169239,0.0,0.2724329210715138,0.573552840907407,1.0,0.5432966061606401
0.6467790355165597,0.0,0.6083397944970292,0.4389936670930444,0.12516691889967085,0.34942138547461116,0.5590072651594008,1.0,0.401001220295207
0.16914207509691268,0.0,0.6321562797683256,0.6991777910233764,0.28042375144663056,0.9526871205576108,0.3645639149390633,0.6666666666666667,0.3132501619209878
0.5276031127730603,0.0,0.6188578051153255,0.5460469761357869,0.533784385293332,0.4960526721523861,0.1631934996425501,0.33333333333333337,0.5709027151067784
0.23495392492525977,0.0,0.5341057607501365,0.8350226964889456,0.3815543487937327,0.5154288967007163,0.26856041570349315,0.6666666666666667,0.5485568926962581
0.5022898341707349,0.0,0.8287541368283167,0.2799867522637814,0.19229057242054667,0.4112998664339463,0.8311916632040998,0.6666666666666667,0.28733187205279187
0.6119533926535112,0.0,0.6271999884685895,0.4392484643419562,0.12516691889967085,0.34942138547461116,0.5566413553809328,1.0,0.401001220295207
0.28346566155011177,0.0,0.5089558409906954,0.34168811972267144,0.0,0.24647149630236312,0.7502636826278445,1.0,0.5147620957497138
0.46018779456316605,0.0,0.49568678760825796,0.4812328182534177,0.28042375144663056,0.547891986759505,0.2326754136369871,0.6666666666666667,0.5671134030414431
0.43734044331234834,0.0,0.7214527022905355,0.6695379974067561,0.28042375144663056,0.8736884974753376,0.028991603129323484,0.6666666666666667,0.406492459177131
0.7107299753950425,0.0,0.8690450953947854,0.15655047760539456,0.21392326181785826,0.34135114424320634,0.8763370045532743,1.0,0.28110426773519004
0.3806807462426018,0.0,0.7362428145236131,0.5984019877421481,0.0,0.7970306628942977,0.09272765208167488,1.0,0.42660272081522166
0.1594987187789066,0.0,0.6811869235155373,0.9037420151875513,0.34149381287278535,0.9582176819298954,0.2969996846185869,0.6666666666666667,0.486911974125132
0.624807846610917,0.0,0.8615895039715986,0.38937270537221463,0.0,0.2495429416944791,0.8117967353068057,1.0,0.25510551290029115
0.5351289423702961,0.0,0.34285295207441463,0.4732073253532441,0.4086174663936615,0.4519933532410176,0.40641893352974195,0.33333333333333337,0.384018567649901
0.5955913010923386,0.0,0.5921089322033067,0.6131444308343195,0.0,0.7345484304713135,0.13222672669886254,1.0,0.6139523131841694
0.553119071014814,0.0,0.548739614754629,0.4231984541598528,0.0,0.7587628682175227,0.6434814922134657,1.0,0.275340116289551
0.2804967475781555,0.0,0.6507217805345692,0.5501622699119523,0.28042375144663056,0.9136234035926161,0.20876773517696287,0.6666666666666667,0.5296125403296271
0.5908525048247039,0.0,0.572516105297529,0.507731003070725,0.34149381287278535,0.4363193190478177,0.23527485554165628,0.6666666666666667,0.49726072737782645
0.26723550612803637,0.0,0.7516238801934542,0.8520849998903266,0.2163268939731151,0.38529361798252487,0.20850331158054294,1.0,0.45062827313750076
0.2993805446338345,0.0,0.6440250310222956,0.9324710015428385,0.3174574913202172,0.9365742141862022,0.16916933991062214,0.6666666666666667,0.49560556716262344
0.24498473770393106,0.0,0.5423369840939051,0.811696276423424,0.28042375144663056,0.9526188257266405,0.24044481490339065,0.6666666666666667,0.48469834826307073
0.2934648104358071,0.0,0.7419486406027244,0.9415003539901408,0.2163268939731151,0.8913748908375275,0.16248701228468584,0.6666666666666667,0.5020553017929625
0.6173732788327397,0.0,0.31643942713473083,0.4684460962728044,0.0,0.33827300299745944,0.3866969112713293,1.0,0.3845886641952987
0.4662868382203442,0.0,0.327780910956272,0.16279531600177405,0.0,0.31749222018267564,0.7344485106211401,1.0,0.5720108340178078
0.31944459555313,0.0,0.6953364738901622,0.9177545112817928,0.533784385293332,0.4772334027169234,0.18927110955519894,0.33333333333333337,0.4852717613576346
0.5684384278728845,0.0,0.3303402346717984,0.2544409117797274,0.0,0.7026750074580009,0.37592544285960233,1.0,0.4830696541734586
0.4949878110707024,0.0,0.44083134813720404,0.22535864056807703,0.19229057242054667,0.36668460436106326,0.8801087918578252,1.0,0.26125441776248826
0.5084248025889974,0.0,0.45093636821992433,0.5738728744272394,0.06409685747351546,0.9059651809217306,0.28839260966662267,1.0,0.34550084345391674
0.4120493446055018,0.0,0.6982706254133016,0.9797966420923276,0.34149381287278535,0.4878152115562118,0.09587189520588399,1.0,0.5931289631201218
0.7146909496536646,0.0,0.7363526730571531,0.7414692497457209,0.0,0.3359590641453886,0.004475017579800551,1.0,0.3347011680610301
0.5351414674790148,0.0,0.3321573403006656,0.47308958880863067,0.4302501557909731,0.4519933532410176,0.4064045709081191,0.33333333333333337,0.4746983317524321
0.39837567273042584,0.0,0.3342536214674593,0.519767977599053,0.0,0.7440958494888785,0.3853126830703255,1.0,0.3384011097813676
0.7023807098725882,0.0,0.8355607552034573,0.1515617225941277,0.06409685747351546,0.8769048722945513,0.8826969064401908,1.0,0.2667950347478026
0.1952201939862611,0.0,0.5657771727221671,0.6625872999088196,0.06409685747351546,0.7718111783408927,0.36966736211897777,1.0,0.3327144281803213
0.326513820430671,0.0,0.7048304285453445,0.7684308724430222,0.5554170746906436,0.9756476699778901,0.2129009000613318,0.33333333333333337,0.47495586185920025
0.23884323035957108,0.0,0.49481593894318787,0.8625547529876775,0.4086174663936615,0.946815041103447,0.2949598390147837,0.33333333333333337,0.4641224843123516
0.23495392492525977,0.0,0.5341057607501365,0.8350226964889456,0.3815543487937327,0.5154288967007163,0.26856041570349315,0.6666666666666667,0.5485568926962581
0.22221376650746075,0.0,0.7624521107620323,0.95338258210675,0.2163268939731151,0.404446794927326,0.151247646725128,1.0,0.4932914190743063
0.32040239403008197,0.0,0.6968662134576176,0.914298124385101,0.3174574913202172,0.449539369829174,0.19114559306491566,0.6666666666666667,0.4852717613576346
0.1814906201343723,0.0,0.6177055276554941,0.6898207433429655,0.40559067034630114,0.9996383886103817,0.36221589388319664,0.6666666666666667,0.3294912351533247
0.6015209268835956,0.0,0.5501029269925756,0.5432748383564069,0.34149381287278535,0.4156488816015369,0.24826341060484133,0.6666666666666667,0.49703936993095693
0.38085407043448366,0.0,0.5931771388157188,0.990655278024536,0.19229057242054667,0.7557789450079221,0.12069553411845854,0.6666666666666667,0.48644290502983767
0.7914733515512365,0.0,0.6111042553455737,0.476292455168395,0.2563874298940621,0.8587855254533756,0.054368705186721863,0.6666666666666667,0.3434826614022386
0.6406864263284066,0.0,0.5162255775826867,0.5443061277704686,0.3174574913202172,0.4557093615778865,0.17307580596650152,1.0,0.6096213733810315
0.3916934185128912,0.0,0.4147395829200592,0.46821534504072265,0.0,0.3358929645796755,0.4053001655392437,1.0,0.38421014101454165
0.5822248887243875,0.0,0.5922515158320256,0.6619869773574327,0.2163268939731151,0.4076851987298658,0.15578541958383274,1.0,0.3501306402712758
0.3764123181319216,0.0,0.5168838561123761,0.4856955691509279,0.28042375144663056,0.5364181718134412,0.21236318166529955,0.6666666666666667,0.5671134030414431
0.530121869099443,0.0,0.6506408951631943,0.5557678370560238,0.4302501557909731,0.45469981751836497,0.1638727394949897,0.33333333333333337,0.5763257090087947
0.49633667464273507,0.0,0.8193368209767523,0.7598720598202362,0.0,0.3504402296232902,0.0077173132297848855,1.0,0.623375672692653
0.5208485721819122,0.0,0.5734848024334174,0.507888944615643,0.3174574913202172,0.4668580216029121,0.1944474628565151,1.0,0.3975115747157178
0.24492844207851883,0.0,0.5422295297190685,0.8808556922482833,0.06409685747351546,0.3080673165629041,0.23994555210043672,1.0,0.2697545257799
0.5081386805228595,0.0,0.5559236964195522,0.3922661071267573,0.0,0.2495429416944791,0.6569149214474056,1.0,0.25510551290029115
0.5429258912202723,0.0,0.5526108276427676,0.370025650866677,0.0,0.791384185544392,0.19810736553870625,1.0,0.39261185131635146
0.36566528742078197,0.0,0.6714169972817764,0.2669433899731975,0.06409685747351546,0.8145639993262654,0.06190784250681465,1.0,0.7369527694733387
0.6452588182386525,1.0,0.7824831536126852,0.22221703894698397,0.0,0.661800017210308,0.0,1.0,0.7166988708115493
0.81232884096208,0.0,0.8391017600930774,0.08378034032101048,0.4943470132644888,0.8970158422936082,0.0,0.6666666666666667,0.9280140169643567
0.5859355292197057,1.0,0.5635853874853515,0.33285967780221365,0.0,0.6354955761496475,0.1454616216867175,1.0,0.7038571117485605
0.5585334185711645,0.0,0.6160854340081146,0.26085098688804503,0.6866375856850352,0.8416323589023778,0.0966739949944702,0.33333333333333337,0.9650252765701786
0.5976153726977299,0.0,0.6836894123100655,0.28934333280544744,0.6866375856850352,0.8443312984733127,0.031634263472031326,0.33333333333333337,0.7731468437284572
0.4857715749559352,1.0,0.5581984854926378,0.47064052019858094,0.19229057242054667,0.724668409118926,0.14998732310439125,1.0,1.0
0.5307735122717746,0.0,0.7400097861492667,0.40543463786840117,0.4943470132644888,0.9898788285584853,0.0,0.6666666666666667,0.9689606440531
0.6048473626615642,0.0,0.6875129828313857,0.36725542622741536,0.4943470132644888,0.9701929537050726,0.032118882616906375,0.6666666666666667,0.455692733407479
0.7092374292906483,0.0,0.8881339204764179,0.40572605371063003,0.4062138342384049,0.8052661049554529,0.0,0.6666666666666667,0.578656635078564
0.8654228419628688,0.0,0.8373686726955344,0.13726773406589682,0.28042375144663056,0.8556629876595871,0.0,1.0,0.9833735464803338
0.5550594629333496,0.0,0.5313251125828868,0.2847850928338199,0.2563874298940621,0.7567886565323437,0.1837589504037846,1.0,0.9844277670472183
0.5500660719922318,0.0,0.6836900574255922,0.2897325923560333,0.4943470132644888,0.9431727162340898,0.03163465465548775,0.6666666666666667,0.6965151962705742
0.4058064152354371,0.0,0.31968073281949355,0.23779970708254358,0.06409685747351546,0.8432699579160905,0.3885062506730824,1.0,0.5365019717034878
0.4312570618882482,1.0,0.6408078981629269,0.39921016262080117,0.4062138342384049,0.7804276676970927,0.0659334134129713,0.6666666666666667,0.8921263984692859
0.7939696571542408,0.0,0.8403763267767972,0.12353366639974954,0.28042375144663056,0.7871483429281085,0.0,1.0,0.6020102071570548
0.8239228360295977,0.0,0.8482993464425628,0.1905338445765226,0.4302501557909731,0.8560469470422803,0.0,0.6666666666666667,0.5498203824007749
0.3878873916119965,0.0,0.2910321000758415,0.533125139314415,0.06409685747351546,0.729432517963874,0.39924800859009063,1.0,0.5759553486178446
0.3147940945286805,1.0,0.2620958338694375,0.5159454291997164,0.0,0.6522560118616731,0.4454917095158957,1.0,0.7381496312065423
0.28783105625766886,1.0,0.3238712571762314,0.22820746779942247,0.0,0.6833754989455532,0.38659647809895487,1.0,0.8158785789571505
0.5074243648005342,0.0,0.306103049321987,0.14078919051766112,0.06409685747351546,0.7116400473990295,0.3756985933423771,1.0,0.9456718701920392
0.6310776601773881,0.0,0.6781648923290512,0.3501646225567058,0.0,0.8193046246645859,0.036743691953558116,1.0,0.5416206285004361
0.7016727599417132,0.0,0.7049575747463681,0.33323449690867274,0.06409685747351546,0.8825138927615703,0.017469031584047386,1.0,0.8390198263057295
0.44725829561131,0.0,0.45827140022642715,0.384317157755541,0.2163268939731151,0.7179753537582481,0.23353965592175505,1.0,0.5016714118395278
0.25004196237613735,1.0,0.43407131134459964,0.5857715875330356,0.0,0.6850777608690332,0.3279299352428919,1.0,0.706834998894491
0.3374046403766404,1.0,0.45699324867286795,0.532525468263274,0.0,0.6522560118616731,0.26167710307039344,1.0,0.7381496312065423
0.7862703702048268,0.0,0.8003515028914177,0.10437242638598224,0.47271432386717693,0.9031302151114078,0.0,0.6666666666666667,0.5266139449032616
0.4140483650664704,0.0,0.6278418857289558,0.4016973758761008,0.47031069171192036,0.9744998402078713,0.07915074624055402,0.6666666666666667,0.9496491929449536
0.5153264548023674,0.0,0.7632026365124646,0.514983766601836,0.06409685747351546,0.8901814333904275,0.0,1.0,0.9689606440531
0.3322930703785527,1.0,0.4019097949443985,0.4733428163125004,0.0,0.6783021044408291,0.300459328439795,1.0,0.9988864675131417
0.5941437005508449,1.0,0.6681475751064545,0.17772547621814483,0.2163268939731151,0.7501088159079619,0.039475690626683324,1.0,0.8765084706850097
0.6029956687858546,0.0,0.6221707910246472,0.30365942095072995,0.2163268939731151,0.7222170247966864,0.10720511627714915,1.0,0.5073900118463681
0.7414016474690284,1.0,0.6712566340823045,0.2058153419442868,0.4302501557909731,0.768517731644274,0.03274040066944425,0.6666666666666667,0.7731468437284572
0.2974593456164982,0.0,0.45471634643498604,0.5882622733204675,0.06409685747351546,0.7194027417205939,0.2981669372855139,1.0,0.6465437808213379
0.3438325998388712,0.0,0.5708263701352969,0.45563123080624435,0.4943470132644888,0.9768466105489791,0.17853684289429758,0.6666666666666667,0.6774646666103495
0.4261113119811542,1.0,0.6387558327832746,0.39044243125581113,0.4062138342384049,0.7804276676970927,0.06788223583825298,0.6666666666666667,0.8921263984692859
0.5703805457706506,0.0,0.7161327579516131,0.21951308877153367,0.28042375144663056,0.9116175264102413,0.008983429655371668,1.0,0.8445721756169235
0.6508938614155279,0.0,0.493160961529736,0.19739933686473352,0.0,0.6666277061586574,0.2093474319849259,1.0,0.6759907834923852
0.3323013920363871,0.0,0.3841524320471732,0.49380394671901134,0.0,0.7712786779897347,0.32663584130479273,1.0,0.479638757250577
0.541139426252422,1.0,0.7207811641915209,0.4410828354062158,0.2163268939731151,0.8979835960384385,0.00750583547689673,1.0,0.9602406823593873
0.576315163692654,0.0,0.5159272215853102,0.3395938794342654,0.06409685747351546,0.802890289784706,0.22735277872592388,1.0,0.97363200426511
0.3974064325550594,1.0,0.3501376391795799,0.23809913344044642,0.2163268939731151,0.8462446197930801,0.33264639519382405,1.0,0.8116135219036423
0.6686612337699525,0.0,0.6617094412133012,0.1008121203457751,0.4943470132644888,0.9701929537050726,0.04167643153792922,0.6666666666666667,0.8530938667407285
0.5620854735188923,0.0,0.4457395027131566,0.1387861875771179,0.06409685747351546,0.8625902156762316,0.24326247309313082,1.0,0.6241384032910592
0.7240785857212314,1.0,0.5062200094383529,0.27733839665909193,0.0,0.6430683062887855,0.18718091155019534,1.0,0.9844277670472183
0.42474894841204297,0.0,0.6497759426891346,0.16264309231621968,0.47271432386717693,0.944195784055639,0.05730193665988469,0.6666666666666667,0.7493659303236487
0.3746755028371241,1.0,0.4840366881607531,0.5497241277561102,0.0,0.8210501548253832,0.23751172802884862,1.0,0.8447699906856202
0.459826922066014,1.0,0.3011907997296049,0.3745925397371687,0.0,0.6354955761496475,0.3920849322052791,1.0,0.7038571117485605
0.3228352507843396,1.0,0.4758245893718373,0.5905413645966673,0.0,0.6521496583694686,0.2523267857029454,1.0,0.787382026580369
0.5732233928846823,0.0,0.8283273463179435,0.2662108815292382,0.2563874298940621,0.9059510381948004,0.0,1.0,0.692591462349548
0.32092516073968547,0.0,0.44412053788447603,0.5529250430457151,0.06409685747351546,0.7194027417205939,0.2972979676889069,1.0,0.6363245934255074
0.28303086811877365,0.0,0.3990725304064559,0.43416399770001135,0.06409685747351546,0.7480025119142876,0.3330301349149305,1.0,0.6770326450475859
0.6003772803619234,0.0,0.6909557910006137,0.4264124980884042,0.06409685747351546,0.7311545189073658,0.018570333027829143,1.0,0.9456718701920392
0.6668701096899673,0.0,0.6599368485064396,0.11485273365181697,0.2563874298940621,0.9288400990710515,0.04342184199010296,1.0,0.8530938667407285
0.4828618006609668,0.0,0.5385105360603939,0.31022347684170043,0.4062138342384049,0.901921255178759,0.17538519488991036,0.6666666666666667,0.6739672543773476
0.42455111812444724,1.0,0.6498123608129772,0.2821356091917041,0.19229057242054667,0.8523005515355921,0.057310896238340146,1.0,0.7490769511728856
0.6851904386509853,0.0,0.6753721410405561,0.11777824942274953,0.4943470132644888,0.7981415111663648,0.029057984514361965,0.6666666666666667,0.9290431140978839
0.4361728230514231,1.0,0.42324806144868254,0.18962140975574635,0.0,0.6354955761496475,0.2797187660715059,1.0,0.871459871774728
0.3942778414004531,0.0,0.564165421221148,0.4404764474360653,0.4943470132644888,0.9412641490925632,0.16606602620120195,0.6666666666666667,0.6956012587090712
0.6062145502874002,1.0,0.5346619236619258,0.32076883408719015,0.0,0.6869308435504294,0.16424374106598721,1.0,0.7030354223395769
0.6612379943383194,0.0,0.6137351149437078,0.13229390355579546,0.4943470132644888,0.8970158422936082,0.08998915777850665,0.6666666666666667,0.9353004852288445
0.6559299101914573,0.0,0.5855782929294687,0.4021315862849547,0.0,0.6915779532693943,0.12362993552176964,1.0,0.577361284912532
0.3517665731180459,1.0,0.4336917262809123,0.552588732245178,0.0,0.8210501548253832,0.28384798327561245,1.0,0.8447699906856202
0.7110836562800539,0.0,0.8396576819700932,0.11919781211232133,0.47271432386717693,0.8065214259629965,0.0,0.6666666666666667,0.5238567470411845
0.6153936551283039,0.0,0.5961450909939883,0.062355981410692325,0.06409685747351546,0.5095053650648489,0.40713528116719716,1.0,0.6828572649419105
0.4117803259428569,0.0,0.48825405945982764,0.1148578358579705,0.0,0.26102601509536943,0.7313663742021174,1.0,0.6359635195567508
0.371926532274493,0.0,0.25923392562459746,0.38306997286863903,0.4943470132644888,0.6228297988006384,0.7959569753493341,0.33333333333333337,0.7455226636666167
0.31070691215533086,0.0,0.7202844978969395,0.07935180183950852,0.4302501557909731,0.847226476196336,1.0,0.33333333333333337,0.6739141069434036
0.4023392897209482,0.0,6.206497938995753e-05,0.35239779070086424,0.19229057242054667,0.6091235009183906,0.7779225418367189,0.6666666666666667,0.6408221133047373
0.2529758541706965,0.0,0.6111764228665973,0.037068287865999416,0.0,0.4079459738239875,0.9810689572227335,1.0,0.6733454479953749
0.6273444452993244,1.0,0.13140351107523904,0.16069908636491145,0.0,0.3245543255471174,0.8992810506299614,1.0,0.8316881587407214
0.5818070617367123,0.0,0.31115943445105576,0.15236807531035756,0.06409685747351546,0.43031410804515513,0.6118615252439525,1.0,0.7235029857505184
0.5091524656801348,1.0,0.27390649196012545,0.17393402559941706,0.4086174663936615,0.640262454923517,0.7989923012652667,0.33333333333333337,0.8005068614191886
0.6165612881788783,0.0,0.6009217910015017,0.27508590215014034,0.2563874298940621,0.5545509720257729,0.4281407527387568,0.6666666666666667,0.4230532355649787
0.5820647990077267,1.0,0.28194916649505664,0.5408073271906121,0.19229057242054667,0.5167665987714312,0.4781454740656302,0.6666666666666667,0.7555560390314826
0.37028876256660115,0.0,0.826751291536228,0.04747499593267112,0.4062138342384049,0.5628083764365689,0.9558485332548988,0.33333333333333337,0.6825792851212275
0.44048873378783754,0.0,0.4619785936241155,0.23810462894798198,0.0,0.4249788617618338,0.5573099094785745,1.0,0.553641752450691
0.7619783565040315,0.0,0.6777415688361743,0.25850060140411873,0.2780201192913737,0.5596130931451262,0.4708252424519846,0.6666666666666667,0.4328287806973785
0.47966953414734614,0.0,0.25650281772981576,0.5640102063297696,0.2563874298940621,0.5813667538187827,0.7348124485948514,0.6666666666666667,0.5823440623190169
0.25342689278845826,0.0,0.7750848598152212,0.03704345827108418,0.0,0.3980066587892414,0.9810882747163617,1.0,0.6118750408900516
0.45621876919117443,0.0,0.06344848137623241,0.3079441891630198,0.2563874298940621,0.6584140249561776,0.6391742308702987,0.6666666666666667,0.6424069568874609
0.46829243305275214,0.0,0.08693867528331818,0.64734753473973,0.2563874298940621,0.567308976657457,0.6344786285308406,0.6666666666666667,0.762999878434409
0.27300258132346544,0.0,0.9402927557436276,0.04708678778246249,0.0,0.4737700271982871,0.9696971230427625,1.0,0.6118750408900516
0.4341392095675249,0.0,0.524249950939087,0.056494020490259415,0.2563874298940621,0.48085648593118097,0.6438586845226143,0.6666666666666667,0.641927332540453
0.668734145136543,0.0,0.4408951306904153,0.22470536842256172,0.0,0.40641818396509544,0.6795375201645282,1.0,0.38011150174216307
0.522333215056633,0.0,0.3717053730692382,0.3607557267817979,0.2563874298940621,0.5686269230447186,0.7120551169367644,0.6666666666666667,0.3630133592120741
0.6632378271393121,0.0,0.361086646858173,0.06541007535973417,0.2563874298940621,0.5918453168531388,0.8103175650742577,0.6666666666666667,0.28593548632156124
0.56960993672756,0.0,0.4988647446564994,0.42594580116456565,0.0,0.6967198381078905,0.4924713481047225,1.0,0.5707485427723519
0.3699586296419387,0.0,0.24733044664544163,0.485375614703675,0.06409685747351546,0.530824389800734,0.8068361215949753,1.0,0.5930670816013509
0.5117284283394385,0.0,0.4657082464236023,0.08866065018536841,0.06409685747351546,0.4419933961519535,0.5099900444299611,1.0,0.44983899906697244
0.4629125498594189,0.0,0.3523144839774221,0.6677137713229392,0.06409685747351546,0.5534696609287107,0.6027652818444669,1.0,0.8799078830072651
0.6190715988615472,0.0,0.6742740803232361,0.5831727679666748,0.2163268939731151,0.5133919244521118,0.4219957999346112,1.0,0.3027957349616319
0.6115513444141664,0.0,0.5903967625920384,0.11327050664685445,0.0,0.26113462722474046,0.7578069253940192,1.0,0.6359635195567508
0.31070691215533086,0.0,0.7202844978969395,0.07935180183950852,0.4302501557909731,0.847226476196336,1.0,0.33333333333333337,0.6739141069434036
0.5420956574842122,0.0,0.45751529360192106,0.14150991425947124,0.0,0.33250560156918907,0.6197161180254483,1.0,0.6309302362281621
0.4556084577458751,0.0,0.12336298875297219,0.3361026703449344,0.19229057242054667,0.5302199580756494,0.663108058412078,0.6666666666666667,0.6418197004726505
0.41069351833779605,0.0,0.5618724000051157,0.1479518746253237,0.2163268939731151,0.49886685701358985,0.7192035053562222,0.6666666666666667,0.3930151093049443
0.7455527530740083,1.0,0.40829922875528635,0.15790782071948875,0.0,0.341549176540374,0.605071888225495,1.0,0.7235029857505184
0.4377011820575585,0.0,0.4174909158677874,0.41252787859507345,0.0,0.4103939179508291,0.6804358870584273,1.0,0.4010235258916044
0.4082240956244146,1.0,0.1638226185709716,0.6309410412036623,0.19229057242054667,0.5180358976238378,0.6591519589696251,0.6666666666666667,0.7626469268477097
0.32576616441250544,1.0,0.24196229694082774,0.10410882018056142,0.0,0.37914297274366293,0.8510319473768426,1.0,0.752676346467776
0.4123147599409232,0.0,0.18193317321241795,0.2224028792014236,0.0,0.46429760873570985,0.8589986114666756,1.0,0.5976214222091409
0.46450925038280777,0.0,0.28379442455399223,0.5384253579146839,0.19229057242054667,0.5037422739152255,0.5915449800004179,0.6666666666666667,0.38268405272594924
0.5302283109450739,0.0,0.18884360042177112,0.5865579282401725,0.2563874298940621,0.567308976657457,0.6243369960232139,0.6666666666666667,0.762999878434409
0.39797732215138776,0.0,0.3289144475821137,0.6322143889704521,0.0,0.35997178374513367,0.6552475314433635,1.0,0.6420540053007618
0.3979424250901158,0.0,0.14226247393557545,0.6262788381984591,0.19229057242054667,0.6087109682653183,0.6625261169759845,0.6666666666666667,0.6420540053007618
0.6242527572524598,0.0,0.6275845878859075,0.10148754518119969,0.06409685747351546,0.886833054535265,0.4569420671850784,1.0,0.3078941700080609
0.5635403424142372,0.0,0.4822020370640763,0.08516266754068581,0.21392326181785826,0.3274299199355697,0.5085624028191588,0.6666666666666667,0.44293002198713616
0.5563960788407996,0.0,0.4222932626082979,0.43809217764622127,0.19229057242054667,0.4806135546055122,0.4649852969419744,0.6666666666666667,0.6145783607358764
0.43631925345576966,0.0,0.40944265056613693,0.16442271518459306,0.2163268939731151,0.504008594139747,0.7105277097015814,0.6666666666666667,0.41087857250646037
0.5654541632096868,0.0,0.46971963438561193,0.09258085782265527,0.0,0.3795731849310347,0.4415350206656418,1.0,0.6828572649419105
0.5901220700040662,0.0,0.5331092610009487,0.30410997612026486,0.28042375144663056,0.5545509720257729,0.46485465302998796,0.6666666666666667,0.4047701257224198
0.6883407577097557,0.0,0.5018280301503871,0.006462451438415921,0.0,0.23888719684753357,0.8415290228190884,1.0,0.4682391003418232
0.8175060238078294,0.0,0.6040879588494388,0.005855163151918931,0.4086174663936615,0.8782563550664697,0.757639828604053,0.33333333333333337,0.2510197407235308
0.2070236857702248,0.0,0.28746721610972165,0.010419557989298873,0.06409685747351546,0.8796826801004766,0.7964379342222715,1.0,0.5726930231670824
0.40262898257095103,0.0,0.1516285850014304,0.007413152813056745,0.0,0.8379967038594571,0.8597117479111046,1.0,0.41674967603446383
0.5616606162540687,0.0,0.5813156285997562,0.01681722339160373,0.0,0.5377575997632763,0.4166310355695184,1.0,0.34986837519810154
1.0,0.0,0.7754544622348883,0.004320140560135131,0.2163268939731151,0.8241277880693096,0.7979328717722991,0.6666666666666667,0.44483183867424986
0.7828441996231175,0.0,0.34095137474720544,0.00907030491877198,0.2563874298940621,0.35810193238147164,0.988823615783051,1.0,0.35333910274236824
0.3954103186984077,0.0,0.22229025357731091,0.004918493596035882,0.47271432386717693,0.9998081276336519,0.9068238910182737,0.33333333333333337,0.2541842061795204
0.7368483899661404,0.0,0.5442684383187204,0.008827251706015863,0.47271432386717693,0.6932041029405879,0.6869323399980791,0.33333333333333337,0.2502296824644142
0.8539367591691114,0.0,0.8588570387995665,0.0010874129861056822,0.28042375144663056,0.36103749006661257,0.8425419429438529,0.6666666666666667,0.25643360609720844
0.5261105824846187,0.0,0.3862499235105618,0.0801223266291675,0.0,0.5360782687271524,0.612547068296319,1.0,0.3328412521407464
0.9534103224217582,0.0,0.8586897150978338,0.0,0.28042375144663056,0.945101187780701,0.8954548715092351,0.6666666666666667,0.2541842061795204
0.9292625833665882,0.0,0.6293380163066908,0.009312470310084425,0.47271432386717693,0.41779348483637313,0.6450363353389924,0.33333333333333337,0.4424757195219226
0.6692030494981099,0.0,0.5189551804404717,0.0470162907048538,0.0,0.27317785777557174,0.5814421534697243,1.0,0.35357783747124394
0.5122940053880264,0.0,0.29837797965141233,0.016348353714888596,0.28042375144663056,0.6356155549262814,0.7322686484681994,0.6666666666666667,0.2805115894128069
0.6631010900783724,0.0,0.45499987524452923,0.0045123693988492405,0.4086174663936615,0.9530794973443862,0.800038341524567,0.33333333333333337,0.44483183867424986
0.21834421709751495,0.0,0.2017153381122669,0.010474973114073216,0.06409685747351546,0.8812839685652625,0.9001941453682352,1.0,0.5726930231670824
0.5471403551385828,0.0,0.3225656805148674,0.006547127561279021,0.47271432386717693,0.9998081276336519,0.827268549415576,0.33333333333333337,0.2541842061795204
0.8439386245520741,0.0,0.7201784426914273,0.004831331608662921,0.0,0.5401785171235789,0.8273374370196844,1.0,0.5020041779110416
0.6041560856862641,0.0,0.5616267289502311,0.024043388676421917,0.2163268939731151,0.3129710820529117,0.4962854509082586,0.6666666666666667,0.5956954223983205
0.6267909922289294,0.0,0.4741351584167469,0.040149749085762944,0.06409685747351546,0.6001497268078017,0.713953572726581,1.0,0.34986837519810154
0.5587666288724277,0.0,0.5812665956323536,0.01680686280573393,0.28042375144663056,0.9412541142928281,0.4166310355695184,0.6666666666666667,0.5113350464708033
0.48970413776752314,0.0,0.3863632806183738,0.06563844408800985,0.4086174663936615,0.3847806178088022,0.612576231547874,0.33333333333333337,0.5546458537626574
0.7106138802311126,0.0,0.6702734651734747,0.008526573786608867,0.2563874298940621,0.7861404381372571,0.46180427031075033,0.6666666666666667,0.510233756202621
0.5326779702850312,0.0,0.3919798539324905,0.07652418734980275,0.0,0.5343265894592325,0.6111477454010776,1.0,0.3530631294698035
0.6530848543785516,0.0,0.5238418977381472,0.060090193572821776,0.2163268939731151,0.7446477187776309,0.5718477698677517,0.6666666666666667,0.35218042312909414
0.6091161125572064,0.0,0.5530153325050273,0.017553487448430972,0.19229057242054667,0.3215487822199873,0.5229394152365483,0.6666666666666667,0.5487647933031653
0.7253133457836974,0.0,0.4629902414103607,0.018347680648211715,0.0,0.2836307928725823,0.674052573172928,1.0,0.6137984816859164
0.5916759877101088,0.0,0.5236056490198232,0.020320035787465468,0.0,0.2909405110285043,0.5407498048776115,1.0,0.4568016472670865
0.687462228752688,0.0,0.641200130611326,0.0063084072901270416,0.2163268939731151,0.8279109770267007,0.6900050915836858,0.6666666666666667,0.26027933556522503
0.8766410090783979,0.0,0.5933234471728476,0.0055801469123313895,0.4086174663936615,0.36214669496452445,0.7265814662502811,0.33333333333333337,0.4424757195219226
0.9134718922597482,0.0,0.8301813483167736,0.002874321716164004,0.0,0.5287082188587182,0.837129804222362,1.0,0.5378311099186752
0.4315179484929142,0.0,0.3468962411183414,0.019977250010262775,0.19229057242054667,0.8479947365083582,0.6576212049363274,0.6666666666666667,0.6378941501834593
0.4667966320190522,0.0,0.3845547003392239,0.053414953747957655,0.0,0.532207100834073,0.6221820125394704,1.0,0.38077677509467023
0.7907572084227025,0.0,0.31530870775775993,0.008222271747602993,0.0,0.8195453784157202,0.9556885763823506,1.0,0.3546444144143372
0.6905997830546102,0.0,0.5267090826117967,0.007143876097027895,0.2163268939731151,0.7365809631116519,0.6767155842639304,0.6666666666666667,0.3234677581886773
0.3598817451192147,0.0,0.17414847392707025,0.006734027800377528,0.2163268939731151,0.4388149583573114,0.9047429328499449,0.6666666666666667,0.2546921433938433
0.6249501161767139,0.0,0.4907707326091115,0.07237599863432025,0.0,0.6832214256879482,0.5823439439815767,1.0,0.349828072836349
0.5785558825048618,0.0,0.4342708875154563,0.04747556776517466,0.0,0.27317785777557174,0.6146499715866803,1.0,0.4008902253818664
0.42944464110532643,0.0,0.3063256213508719,0.021823117253528933,0.0,0.6674766626378962,0.8217583014138267,1.0,0.43209690040845966
0.41711407264457656,0.0,0.2387534775060511,0.01154964252465271,0.19229057242054667,0.45959504770899084,0.8993888218410092,0.6666666666666667,0.42807247478219834
0.5060202910027882,0.0,0.4423031529125031,0.04275912151964918,0.2563874298940621,0.8552250944392827,0.595498313584176,0.6666666666666667,0.3294104814761412
0.8569525435308729,0.0,0.6465439868098881,0.007607535695223261,0.0,0.6734029907541194,0.7486820478519729,1.0,0.3257137605661478
0.7891582301399519,0.0,0.31782676784087555,0.009046125340402583,0.0,0.8195453784157202,0.9486443471318744,1.0,0.28537965000646154
0.9911408717450325,0.0,0.7547919503122522,0.004502643285643337,0.4086174663936615,0.8746701659553353,0.7937306622778371,0.33333333333333337,0.44483183867424986
0.7039338669674752,0.0,0.5979493564458969,0.03128072879698425,0.4086174663936615,0.37508367636020784,0.5480345002078204,0.33333333333333337,0.4767400454889907
0.2854258678085025,0.0,0.20613879925450226,0.007585289097557985,0.47271432386717693,0.42237663062258873,0.8991173479864232,0.33333333333333337,0.5864182918035109
0.5652582295028594,0.0,0.4681261226258803,0.03813258413595112,0.2563874298940621,0.8758709631274967,0.6267940957062507,0.6666666666666667,0.3293498289344369
0.726390477622633,0.0,0.79358950947637,0.006692837470920023,0.28042375144663056,0.9297256022461778,0.5625235696610814,0.6666666666666667,0.5102335738710978
0.7304742022471821,0.0,0.8061232809343595,0.006726235153089144,0.28042375144663056,0.8736495934110553,0.5513039113758738,0.6666666666666667,0.49080001452038696
0.62662939955469,0.0,0.49395707882854484,0.060601353181326215,0.2163268939731151,0.7446477187776309,0.5847761074722762,0.6666666666666667,0.3961065253596535
0.47745973498957467,0.0,0.3131678616889089,0.017499638571447183,0.4086174663936615,0.9351943542630199,0.654521823659411,0.33333333333333337,0.33606492352541556
0.6810750049202984,0.0,0.4110269585996527,0.018751166728921416,0.28042375144663056,0.6554092571878493,0.7044837848295064,0.6666666666666667,0.4463602601742357
0.6055716891719043,0.0,0.5647394331624074,0.01578501520170188,0.28042375144663056,0.9160956501364607,0.4445027172930657,0.6666666666666667,0.510233756202621
0.2933497133219752,0.0,0.21025016665553858,0.007587234542479532,0.47271432386717693,0.9715779126205235,0.8982782532433337,0.33333333333333337,0.5869725831969261
0.692997204088389,0.0,0.5010663749254369,0.019100907995347652,0.19229057242054667,0.3020651692050658,0.6283067642323923,1.0,0.46408852530766
0.3169582906085938,0.0,0.2680706894901057,0.010058098502696953,0.0,0.2965116414818446,0.8648598673489797,1.0,0.2862625991652045
0.25910940842294505,0.0,0.3258229186089422,0.01057818129573534,0.28042375144663056,0.9284091533150356,0.786618461520296,0.6666666666666667,0.2549327758087539
0.4676510248233693,0.0,0.373593485602217,0.04976726957511106,0.0,0.2737023508576038,0.6328172400170973,1.0,0.39852734826948816
0.5158795472704051,0.0,0.54784216938893,0.0031421368605835213,0.19229057242054667,0.5859502102260576,0.8114468247654563,0.6666666666666667,0.30502126683870495
0.7936049210568499,0.0,0.6986769777014145,0.002949889658664364,0.4086174663936615,0.8745414311361847,0.8089182274217372,0.33333333333333337,0.44364062609988575
0.9503450535309422,0.0,0.826307768970904,0.001698563073015877,0.2163268939731151,0.9005044533966448,0.8884119210152867,0.6666666666666667,0.5378654856036732
0.8709996073383551,0.0,0.7680864142215174,0.004321117210330713,0.2163268939731151,0.30510847870683955,0.795321753349836,0.6666666666666667,0.4209629811998284
0.7782112018682604,0.0,0.34155706083128984,0.018036603166768465,0.2563874298940621,0.3619248705342916,0.988175204868876,0.6666666666666667,0.3812252606328931
0.8250776014848802,0.0,0.8540170269348054,0.0013684066205656136,0.19229057242054667,0.3249545785867369,0.8883027467886558,0.6666666666666667,0.25643360609720844
0.6216525403687015,0.0,0.4242863770200396,0.004681859913723296,0.2563874298940621,0.6292369545988957,0.840686888909881,0.6666666666666667,0.5973449961512354
0.46864499716463576,0.0,0.38143747135499156,0.024692845712121558,0.4086174663936615,0.9190798815743271,0.639428713017919,0.33333333333333337,0.2672864979013122
0.8307518390053881,0.0,0.6426453734207074,0.008539963584474562,0.06409685747351546,0.3415579800928082,0.7637838768526133,1.0,0.5732227114743461
0.36449474551866184,0.0,0.2530652476697995,0.010852746332972731,0.2163268939731151,0.4435142654066306,0.8512104819312045,0.6666666666666667,0.41406438569961224
0.6355178553498623,0.0,0.4995192431423467,0.0659708648078158,0.2163268939731151,0.7446477187776309,0.5753948212983345,0.6666666666666667,0.3530228271080515
0.46236651658139905,0.0,0.35996581238483266,0.022261280098036674,0.2163268939731151,0.9060451923002819,0.6314767885642254,0.6666666666666667,0.5684165590818389
0.5201906468987227,0.0,0.437673202190026,0.027971072062046205,0.4086174663936615,0.8782424486507739,0.6155150317864834,0.33333333333333337,0.3332417704847387
0.22169750014757808,0.0,0.2283028553210815,0.010934811587251066,0.0,0.6690098154249987,0.8786371919877619,1.0,0.5726930231670824
0.7948817968797122,0.0,0.6354468758495747,0.006731299691039291,0.06409685747351546,0.34061887003715485,0.8012747022311508,1.0,0.5732429224555079
0.5060777822499469,0.0,0.35168603690117245,0.0059628692922758,0.28042375144663056,0.8781772394110301,0.8320571533059508,0.6666666666666667,0.6479288454079042
0.6825910063945025,0.0,0.4013502594243721,0.007119200129897162,0.4086174663936615,0.7841125485455943,0.7571063407260749,0.6666666666666667,0.3526176765319295
0.8539367591691114,0.0,0.8588570387995665,0.0010874129861056822,0.28042375144663056,0.36103749006661257,0.8425419429438529,0.6666666666666667,0.25643360609720844
0.5915143781140156,0.0,0.4229873041130315,0.035455246064059434,0.4086174663936615,0.8020192603943973,0.6260747940630789,0.33333333333333337,0.3747831097978725
0.3254165223395149,0.0,0.24673976888644666,0.010632480410577896,0.28042375144663056,0.4940566432926562,0.8945792570275868,0.6666666666666667,0.4697195267574253
0.6943547616741155,0.0,0.5390507192353017,0.013168999065956413,0.06409685747351546,0.3049825692286354,0.6213190455462013,1.0,0.5397480676173341
0.5877675510621808,0.0,0.42299012910317674,0.0349363851820634,0.2163268939731151,0.7514768825083716,0.6260758424249712,0.6666666666666667,0.3728725797460952
0.47915196565206775,0.0,0.3434294803319696,0.00711695401550458,0.47271432386717693,0.8284761956316988,0.658999272760846,0.33333333333333337,0.5336479611304302
0.46492108697682194,0.0,0.3689646306546482,0.025922330296691016,0.2163268939731151,0.8685375036883015,0.6321007931880461,0.6666666666666667,0.265538541627415
0.40483928320145346,0.0,0.32334324875017234,0.007127776480650595,0.28042375144663056,0.8782563550664697,0.8471417798571794,0.6666666666666667,0.6752053516875389
0.8084768375224743,0.0,0.44956694356937804,0.012597912163766023,0.47271432386717693,0.6833705131693308,0.7435436548923485,0.33333333333333337,0.4455178561952358
0.37665973514052103,0.0,0.3373285669494261,0.0191984142471201,0.06409685747351546,0.885471610728465,0.6439588445784625,1.0,0.5692037290868949
0.31757284407884373,0.0,0.2740047669957208,0.00718604045851003,0.4086174663936615,0.38731130299697186,0.8684397576255327,0.33333333333333337,0.25137051199261035
0.44124779435894285,0.0,0.35031911439784663,0.068243264503606,0.28042375144663056,0.9229636644478828,0.6085124236486558,0.6666666666666667,0.6002619452477614
0.7676826002542558,0.0,0.5437818372025829,0.008745355543171565,0.47271432386717693,0.6932041029405879,0.6885550406339929,0.33333333333333337,0.49721632391579845
0.5036977382785163,0.0,0.3237496321263944,0.01623965637753517,0.4086174663936615,0.8745780554944004,0.8055245131309763,0.33333333333333337,0.6754187554282763
0.7061753663824392,0.0,0.4411114812664215,0.018578143364128698,0.47271432386717693,0.6967621118218704,0.688900990652446,0.33333333333333337,0.4455178561952358
0.5763087012430299,0.0,0.4849345598832084,0.014859387213392628,0.19229057242054667,0.5743405194891126,0.701918495385426,0.6666666666666667,0.49215372025438026
0.7779646789255832,0.0,0.5117016784148136,0.0142209446007466,0.4086174663936615,0.6554092571878493,0.7241354075442623,0.33333333333333337,0.49338621283370315
0.3470226364510455,0.0,0.24336636861707384,0.005834621349217357,0.2563874298940621,0.9584552729996306,0.8180116818317431,0.6666666666666667,0.2541842061795204
0.45553426939453134,0.0,0.3040036109818009,0.03108448822503948,0.28042375144663056,0.49710305518095427,0.6584733576726338,0.6666666666666667,0.47925193570164715
0.7059182065618207,0.0,0.6650675779019337,0.015308895761541739,0.19229057242054667,0.865553272250435,0.4588003939937367,0.6666666666666667,0.510233756202621
0.41386029048524137,0.0,0.8864728216374508,0.1225117296376501,0.0,0.7452123775554285,0.07167863158866213,1.0,0.2506536406121971
0.5218142627814144,0.0,0.27350191237544497,0.09304318730916515,0.4086174663936615,0.5350006837990149,0.8530254054901323,0.33333333333333337,0.5579466826939117
0.4118139173755239,0.0,0.5276296339032802,0.6346806944614444,0.19229057242054667,0.7866929453592685,0.0,0.6666666666666667,0.5705674430596387
0.3633036536671538,0.0,0.4937287571286746,0.0025959723460385136,0.06409685747351546,0.8203029066426264,0.740983962125318,1.0,0.5465460940120058
0.8061131164742626,0.0,0.6160365363813238,0.2576447835660676,0.0,0.7251214472272429,0.7859627453618893,1.0,0.24973657752116554
0.46842457776938,0.0,0.5268888407257921,0.6494848543735291,0.19229057242054667,0.7866570523086094,0.0,0.6666666666666667,0.5711715225586964
0.7563389187834025,0.0,0.49141106765904324,0.1816139931704997,0.0,0.3180915777164282,0.9024157073065727,1.0,0.2507629622884192
0.6157439037105973,0.0,0.5724780667800943,0.19145165635365116,0.4086174663936615,0.473404607174611,0.9927083985130813,0.33333333333333337,0.2507686136869386
0.38406474560958864,0.0,0.7761846265509904,0.1965259658253332,0.0,0.7459674028460228,0.13812345464676348,1.0,0.6960622951257206
0.20701439078964218,0.0,0.0,0.14259874750584672,0.19229057242054667,0.8308715583114511,0.6187707635273703,0.6666666666666667,0.6352500612962123
0.32486772795562757,0.0,1.0,0.2330555689748605,0.2163268939731151,0.8341833452015517,0.06422029184164957,0.6666666666666667,0.48848767429992146
0.4446448483228741,0.0,0.47275441782338357,0.18293157310304295,0.47271432386717693,0.9196761004711821,0.05688355803836582,0.33333333333333337,0.39543079401047887
0.0,0.0,0.25872371918402365,0.08553601177620149,0.19229057242054667,0.42134533307768446,0.805997735239253,0.6666666666666667,0.26524025859387546
0.21596333666284528,0.0,0.6074186828025538,0.3053920546514517,0.0,0.6534511853040563,0.36998421941689613,1.0,0.5179105692220594
0.3589695361474718,0.0,0.9220339099397972,0.12357181761957528,0.2163268939731151,0.5632544578032419,0.052491709159507065,0.6666666666666667,0.25669561549933056
0.7697387866003699,0.0,0.569317544996151,0.20492237284397072,0.28042375144663056,0.8862166508756264,0.814658038192702,0.6666666666666667,0.25064992008926
0.23002309259333456,0.0,0.23555100529526418,0.024691547046665225,0.06409685747351546,0.40275803090215134,0.6564086283353648,1.0,0.6128097711945724
0.3725620077441463,0.0,0.6841407920244855,0.38548249084486563,0.0,0.6334173336876381,0.21871129771411427,1.0,0.3408745269375592
0.2188919367305158,0.0,0.27761272689363015,0.09208247605441831,0.47271432386717693,0.9194940761774323,0.345098502326141,0.6666666666666667,0.4633564043646571
0.39527546138075564,0.0,0.5619891287930329,0.4747129387208644,0.4086174663936615,0.48259967302805873,0.029060098729498586,0.6666666666666667,0.4014023221549594
0.4988452365446517,0.0,0.2258042329365158,0.17950656265357032,0.0,0.43468930686483953,0.5727343696115776,1.0,0.31981857079627846
0.4740380221280542,0.0,0.9381299693540209,0.5879389709576371,0.0,0.6465055553353799,0.017868793299186773,1.0,0.4268558670889312
0.5338383139076133,0.0,0.5849918018482595,0.19134868008589645,0.0,0.3596842569310529,0.9400413825644682,1.0,0.2507686136869386
0.3088160516567735,0.0,0.778098477098235,0.5183156563873704,0.0,0.7163253932603154,0.17122616882107786,1.0,0.5711715225586964
0.4354423657091464,0.0,0.5022034203753647,0.6240338780182083,0.2563874298940621,0.8946398882026266,0.0,0.6666666666666667,0.5361079727854121
0.16997166535030395,0.0,0.24642364016182167,0.34185604629875377,0.19229057242054667,0.7178110751699697,0.28608008283307,0.6666666666666667,0.6131112097059993
0.3017803390019187,0.0,0.3141400446527171,0.39846619826468727,0.19229057242054667,0.7858304948981656,0.2539305016832375,0.6666666666666667,0.39568006589963056
0.3322710788092805,0.0,0.4394590729382196,0.554716416697142,0.2563874298940621,0.8380169751786999,0.06853810919145917,0.6666666666666667,0.5705674430596387
0.29578828898750237,0.0,0.11976539858555364,0.008796301658872258,0.19229057242054667,0.49572720864967756,0.7354242814105855,0.6666666666666667,0.3834822543214107
0.31668694037443396,0.0,0.9849005637351304,0.22160893976916077,0.2163268939731151,0.8341833452015517,0.07789873310004067,0.6666666666666667,0.4878628624627583
0.25745743596390697,0.0,0.6675340586663271,0.23858923163161103,0.0,0.6560456986390959,0.2936586132566252,1.0,0.6155401715439481
0.5891296231664921,0.0,0.18936057924165986,0.12494376072641501,0.19229057242054667,0.46633240976598933,0.5533665267212459,0.6666666666666667,0.4364141752654085
0.28813545220986786,0.0,0.42875699117891425,0.461114741155372,0.19229057242054667,0.6965953060451705,0.22058343119893403,0.6666666666666667,0.3368592043290338
0.7261037269169566,0.0,0.5094961713142425,0.2161550120627757,0.28042375144663056,0.4342118038321143,0.8373415863741379,0.6666666666666667,0.2506525838321231
0.35068999691410524,0.0,0.010724761322792885,0.018729621314915908,0.19229057242054667,0.43409175908335634,0.7577105035997748,0.6666666666666667,0.3322829753341987
0.40118348680457777,0.0,0.4222384607864954,0.0967319213584602,0.4086174663936615,0.7666071362471005,0.10962315743686224,0.6666666666666667,0.5066846202156894
0.2754908336110294,0.0,0.729339168454401,0.4441640780844437,0.0,0.5128657175270659,0.23883687311507565,1.0,0.6546795072857196
0.36711030637489434,0.0,0.20463300535340276,0.044199382899382016,0.0,0.6677452437628837,0.7101916192631172,1.0,0.27135819837556463
0.42445674046878656,0.0,0.38010671086766246,0.3241645634060605,0.19229057242054667,0.7992851715804573,0.10692085120173211,0.6666666666666667,0.2552800763301954
0.192445188454794,0.0,0.04798588286782523,0.241995577737879,0.4086174663936615,0.592943882640993,0.4911305252773584,0.6666666666666667,0.5798823981582928
0.08064204675121411,0.0,0.08851072013364045,0.28581428754173827,0.2563874298940621,0.5832162515487137,0.5002682655100203,0.6666666666666667,0.5808601064542246
0.3988386334377899,0.0,0.17010182342064156,0.024424407964485507,0.0,0.4647197273011725,0.6689082449174034,1.0,0.4826474435529298
0.5580377879246211,0.0,0.48964333540531885,0.6151262337463069,0.19229057242054667,0.5185224215157641,0.02768270688794684,0.6666666666666667,0.3758336946697536
0.2183352914626438,0.0,0.715989928651746,0.12828397530262325,0.2163268939731151,0.6137395782696823,0.25760725265551604,0.6666666666666667,0.373736877571803
0.6013621287738282,0.0,0.5394269624227254,0.05794319501206485,0.0,0.33693075693016544,0.8933306221377798,1.0,0.26705615718145026
0.08648775963743308,0.0,0.1447076270522364,0.053541676301661914,0.4086174663936615,0.8798820766576252,0.47624114899709136,0.6666666666666667,0.3952391055705799
0.3941797491082441,0.0,0.33484401565527366,0.11007477587039198,0.2163268939731151,0.448803783444151,0.9159705711666196,0.6666666666666667,0.2505339781311548
0.046448098427277006,0.0,0.3413261368412448,0.07125780386938842,0.19229057242054667,0.6494547830601908,0.6602142560091724,0.6666666666666667,0.41673818634429965
0.6435147877050377,0.0,0.358663760309309,0.1405368397596596,0.19229057242054667,0.44103432774525336,0.44714871315872246,0.6666666666666667,0.46147990526662547
0.48350633738992244,0.0,0.9158726832286898,0.1671178432543082,0.0,0.7550114574023735,0.00818840743534539,1.0,0.5427344593050629
0.1957401343227412,0.0,0.5880160470563127,0.31478018791415185,0.0,0.6548849834950435,0.39444838462735526,1.0,0.5179105692220594
0.1499972922603853,0.0,0.39217908182479677,0.09729569383978104,0.4086174663936615,0.866641439235525,0.3139540999296675,0.6666666666666667,0.3952391055705799
0.5752549645528383,0.0,0.9134426396758571,0.11311811792617729,0.0,0.7258910184177061,0.0029646589313069432,1.0,0.5659307368715634
0.046448098427277006,0.0,0.40509244079466333,0.07125780386938842,0.19229057242054667,0.6102180153720363,0.6602142560091724,0.6666666666666667,0.41673818634429965
0.10566612786537613,0.0,0.15523939797295516,0.20724192047270806,0.19229057242054667,0.8211651813089387,0.48596816067194376,0.6666666666666667,0.4611158940785344
0.13450033440537304,0.0,0.08407564452084199,0.10601311860305604,0.19229057242054667,0.7340698425452925,0.600400354810892,0.6666666666666667,0.2710583389111874
0.06694995655649223,0.0,0.0573199764639723,0.25545336597110296,0.19229057242054667,0.8282925553325412,0.5266068410892458,0.6666666666666667,0.5705674430596387
0.07542341760376312,0.0,0.09190120596421911,0.263640319269035,0.4086174663936615,0.8902726973633786,0.48756251108630155,0.33333333333333337,0.5808601064542246
0.13188863577561585,0.0,0.3225805855762658,0.09666535933348053,0.19229057242054667,0.8160990613494993,0.3616345364515674,0.6666666666666667,0.3897193970845306
0.11922374890369555,0.0,0.6160836833543588,0.09452733114375662,0.0,0.5505616059121498,0.36898364254447497,1.0,0.4093613898346639
0.42675367685806426,0.0,0.8002127768715389,0.3235367150072352,0.0,0.7361071992229248,0.10670492388785491,1.0,0.2574621763005724
0.22062181524213229,0.0,0.17350829852725333,0.10088691282485714,0.19229057242054667,0.695624896149364,0.34196571257908226,0.6666666666666667,0.4523288558522441
0.23719586198701917,0.0,0.37870414510147515,0.10696394396977321,0.0,0.7731832187988357,0.42383566868207834,1.0,0.5893911141858132
0.490106709323999,0.0,0.27500239271160304,0.06881821159820477,0.2563874298940621,0.8781412215434111,0.16040516689381645,0.6666666666666667,0.26093265995361214
0.6575467226100851,0.0,0.6096475151291404,0.5835072257744996,0.06409685747351546,0.677064836327942,0.16007172857169016,1.0,0.25155340935141657
0.2672731547670465,0.0,0.5559653080551026,0.07034477564031426,0.0,0.7258910184177061,0.41320008602217895,1.0,0.5659307368715634
0.17578287582751062,0.0,0.4922620790661729,0.14402668822416,0.0,0.6699351109067958,0.639460815030804,1.0,0.2845113895729192
0.6644319390339957,0.0,0.6244096278994179,0.5002265633059063,0.06409685747351546,0.8519972443130027,0.15020163690268767,1.0,0.2770065563165751
0.4867535783979691,0.0,0.8659635508259456,0.48528813556703815,0.0,0.6163403650451256,0.02360188508523505,1.0,0.551340618952838
0.449175779339925,0.0,0.5114896249685125,0.5652965885553758,0.19229057242054667,0.7976680462304345,0.024923905060366146,0.6666666666666667,0.3745766005346987
0.6995553967067297,0.0,0.7673225733488348,0.5002265983059642,0.0,0.7888192719554702,0.01246092105611564,1.0,0.2770065563165751
0.6175563454744686,0.0,0.35864848763889673,0.04065340110123305,0.0,0.37762463445196487,0.44729789644980195,1.0,0.4613668258064842
0.14613594894628681,0.0,0.6550315112440767,0.09450973990939858,0.2163268939731151,0.5876025634085756,0.32418253297971134,0.6666666666666667,0.3952391055705799
0.3859081861234104,0.0,0.5867411691824125,0.5107141199165071,0.19229057242054667,0.505196217922637,0.017556772662214778,0.6666666666666667,0.6476242348782344
0.14836873555547692,0.0,0.6366584373867276,0.10565966579829594,0.0,0.32812533237018554,0.33922257480928075,1.0,0.5578863154498319
0.797802390082708,0.0,0.6150631012170847,0.2567638424729953,0.0,0.38361256187516984,0.7932414359061418,1.0,0.24973657752116554
0.1653774974285258,0.0,0.06606557361101091,0.14238992846785561,0.19229057242054667,0.7331130832643282,0.6788310849629469,0.6666666666666667,0.26507268141003976
0.3461400153743483,0.0,0.9356613521317819,0.534167904505132,0.2163268939731151,0.4241780785009789,0.031138142111406166,0.6666666666666667,0.5849146581194281
0.2883323945534344,0.0,0.8286259770025101,0.5067345880019206,0.28042375144663056,0.7471424079448195,0.15514132176042833,0.6666666666666667,0.3278971429370631
0.4657786491241538,0.0,0.4096640783450345,0.5468026406912349,0.19229057242054667,0.3911960669276817,0.04679845474325098,0.6666666666666667,0.5999862594351459
0.5349306483681147,0.0,0.8534815960657783,0.23097359579248455,0.0,0.7459674028460228,0.01123528639961644,1.0,0.6759728632085341
0.019788440052096377,0.0,0.282745961415529,0.09460103746620499,0.0,0.7550114574023735,0.8124704253045737,1.0,0.5454859182501262
0.2954109101235831,0.0,0.8313801717521916,0.1232873177381118,0.06409685747351546,0.5124628780439665,0.14866599135025335,1.0,0.6415474480261778
0.07241119435258557,0.0,0.5288138071508409,0.0667272356273753,0.0,0.7222645117346217,0.49998835701378525,1.0,0.6265891398288962
0.22365861113908703,0.0,0.6368248322623489,0.10072255945260242,0.0,0.6324469237918314,0.3417387696210279,1.0,0.45584650476797867
0.33422651508032525,0.0,0.4827325265250517,0.017269124070559045,0.0,0.3709137867258241,0.7784569501611547,1.0,0.3395837384679092
0.2754835346888033,0.0,0.7293510063547468,0.43897096444528544,0.0,0.5128657175270659,0.23883438009936708,1.0,0.3676759751728498
0.4144317231209568,0.0,0.4619892980298388,0.49406471850003336,0.19229057242054667,0.8490156279479769,0.060756940516373155,0.6666666666666667,0.6000626959249626
0.542168960881296,0.0,0.8514643219035736,0.24976977650372262,0.0,0.7459674028460228,0.010920362545309668,1.0,0.6753480513713632
0.4820814648885605,0.0,0.4271491041162839,0.5839610306618072,0.19229057242054667,0.40868245940786424,0.0283138192320878,0.6666666666666667,0.4268558670889312
0.190870920799995,0.0,0.6119554732414204,0.08353974841573913,0.0,0.6529233151557832,0.36524571227738434,1.0,0.5169569093217954
0.20209662574175882,0.0,0.2903049908934554,0.10264127737807062,0.2563874298940621,0.5768232248397218,0.2451956043197088,0.6666666666666667,0.2535528351506864
0.38026265316532826,0.0,0.6227834050289152,0.5341074314245898,0.4086174663936615,0.4846283788433404,0.03182830199204462,0.6666666666666667,0.4014023221549594
0.720141913300553,0.0,0.5167958276563602,0.18798141761535356,0.28042375144663056,0.8862565257863952,0.8421805966586086,0.6666666666666667,0.25064992008926
0.627225925748327,0.0,0.7797496008005175,0.550939303482248,0.0,0.788948557653134,0.01062082367891677,1.0,0.27776395681063365
0.3032790692319598,0.0,0.36886726922705937,0.10799348249334784,0.2563874298940621,0.8781412215434111,0.2308926193775724,0.6666666666666667,0.4633564043646571
0.6332652209445689,0.0,0.8513741400454823,0.19242496870927386,0.0,0.6560456986390959,0.0,1.0,0.2583869267961965
0.6526281838773741,0.0,0.6898447243688187,0.8444538482805496,0.15668120715748254,0.2216791787084023,0.3373824905370156,1.0,0.35869160500309444
0.6192130801516279,0.0,0.2954353204043402,0.7294326800545861,0.34897177957802894,0.21560780554284326,0.38945976806467053,0.6666666666666667,0.2854537820583548
0.7809546141930903,0.0,0.46496776615758434,0.6143194346243477,0.15668120715748254,0.21998303483091428,0.42478488540759785,1.0,0.43875348641036893
0.7327133933082293,0.0,0.26364187086767693,0.5698337895585256,0.34897177957802894,0.27197757419439533,0.4038931507281818,0.6666666666666667,0.49393422195871134
0.6604248679352432,0.0,0.8757655238164328,0.8107592053097585,0.15668120715748254,0.0887564199966493,0.40813384327615726,1.0,0.3840444786364943
0.2922601437197072,0.0,0.616902898256356,0.48159104638761946,0.34897177957802894,0.3205459949570803,0.6490230227436217,0.6666666666666667,0.3766389402958416
0.6813119067145078,0.0,0.6705137402961862,0.7775874497450045,0.15668120715748254,0.12775192358086512,0.3320165213143356,1.0,0.5076941866291388
0.7187062719390097,0.0,0.600055158793803,0.4483863425267833,0.15668120715748254,0.20399066768388233,0.4405300540672721,1.0,0.37720490926910044
0.4358966686821604,0.0,0.3896301307102372,0.6999257984164049,0.34897177957802894,0.48382597125991933,0.5011768914753169,0.6666666666666667,0.28375228684262616
0.6931109712992206,0.0,0.8314177532318038,0.8225947265925444,0.15668120715748254,0.07794966912994064,0.34212610381861747,1.0,0.35790638412590786
0.6909801457709958,0.0,0.7147116159088329,0.8559706707677298,0.220778064630998,0.16874018743087288,0.3025573732057197,1.0,0.30542699018702657
0.4763494541917532,0.0,0.7535540579420914,0.5442351702672411,0.220778064630998,0.2175260122034209,0.538401403110692,1.0,0.2457489001221199
0.5405493931262897,0.0,0.5486252142091856,1.0,0.220778064630998,0.18140267944915658,0.40525936206335766,1.0,0.3254257747162198
0.5753141384256145,0.0,0.4926731211587036,0.7998494166275263,0.4130686370515447,0.33370974552089205,0.42298278442577547,0.6666666666666667,0.3588499475684173
0.2633697869519678,0.0,0.5552704260011976,0.5116294966270666,0.34897177957802894,0.3205459949570803,0.6445156052013493,0.6666666666666667,0.3766389402958416
0.5032863522584152,0.0,0.5975685553569767,0.8147530035047605,0.15668120715748254,0.12757074894812068,0.4838069767038689,1.0,0.4436227949276933
0.5111357911771445,0.0,0.4443966462236462,0.6660688566941604,0.34897177957802894,0.20084534211944513,0.5053353440561844,0.6666666666666667,0.49200208879825447
0.4763494541917532,0.0,0.7535540579420914,0.5442351702672411,0.220778064630998,0.2175260122034209,0.538401403110692,1.0,0.2457489001221199
0.44352575714637077,0.0,0.513181571926491,0.5597653413719699,0.4130686370515447,0.3610406880124264,0.5034914907196728,0.6666666666666667,0.338388944279394
0.5104323616058059,0.0,0.6204285979734208,0.8077926750904684,0.37300810113059735,0.20485517911217044,0.4668248877148994,0.6666666666666667,0.4436227949276933
0.7044748957777472,0.0,0.28638543111572873,0.6466389314176487,0.34897177957802894,0.2802821618300738,0.40097648371736544,0.6666666666666667,0.4684700467470794
0.36157204044805186,0.0,0.5657834541845778,0.5399178678289662,0.37300810113059735,0.3089937392542576,0.5948039675885332,0.6666666666666667,0.43506134889223397
0.42649390645370094,0.0,0.5414422321854561,0.47755100067585915,0.34897177957802894,0.3205459949570803,0.5721295987127578,0.6666666666666667,0.3165811583480468
0.7261046348658493,0.0,0.5721874144009994,0.5167759036951521,0.15668120715748254,0.11342005255257381,0.5101308658126879,1.0,0.4601089302521139
0.7302506422118865,0.0,0.3268906385487634,0.5146460908031051,0.34897177957802894,0.19678963378244746,0.5080729969121158,0.6666666666666667,0.45138671906086497
0.37012489558272493,0.0,0.3497796975553227,0.5528517866234294,0.34897177957802894,0.4635587485549698,0.5452678834208595,0.6666666666666667,0.42417106070104654
0.5104323616058059,0.0,0.6204285979734208,0.8077926750904684,0.37300810113059735,0.20485517911217044,0.4668248877148994,0.6666666666666667,0.4436227949276933
0.5089422729772576,0.0,0.6545019385363386,0.9001103020957368,0.4130686370515447,0.3610406880124264,0.45384417396212123,0.6666666666666667,0.3383951084747567
0.6003122884032585,0.0,0.5152284836045624,0.8253832240120553,0.34897177957802894,0.1526851947604521,0.3902867123442781,0.6666666666666667,0.2690862783233012
0.3995575846515922,0.0,0.5301560305046257,0.5383922574564284,0.15668120715748254,0.1306190145283069,0.5868035781457233,1.0,0.4005415976104123
0.44034122975175466,0.0,0.574398114909139,0.6559242823968819,0.34897177957802894,0.26964112695288034,0.523626684740169,0.6666666666666667,0.3055626234088025
0.3496930196669979,0.0,0.5099650597691822,0.5859071918082062,0.37300810113059735,0.30838871389635597,0.6201170944977837,0.6666666666666667,0.4507646685019092
0.459400788004096,0.0,0.6266168344737667,0.5258706110190882,0.15668120715748254,0.18132001108207238,0.5448942491210133,1.0,0.3460473018311232
0.6015906015248198,0.0,0.5825495099055359,0.6780020692100506,0.37300810113059735,0.16874018743087288,0.3864764574228758,0.6666666666666667,0.3499416420675342
0.6518402988457541,0.0,0.7820590177414082,0.7800477073720856,0.220778064630998,0.21419024263298037,0.3982367286296987,1.0,0.27780231011721657
0.5860455832817997,0.0,0.8020705724266309,0.8098977336051081,0.15668120715748254,0.0887564199966493,0.44494475482339063,1.0,0.29602304601816687
0.48211274316860453,0.0,0.4678753657657878,0.8044985404651265,0.34897177957802894,0.47759795741616246,0.45451178324329716,0.6666666666666667,0.42256170389108777
0.6957436659671171,0.0,0.30983877980801083,0.6205422242940024,0.34897177957802894,0.17553986769614657,0.46160189588436246,0.6666666666666667,0.4740642825664762
0.4910581166382123,0.0,0.7105877285108007,0.8294299393313604,0.15668120715748254,0.12271494200323398,0.49593235119958035,1.0,0.2906085895574293
0.578575636462379,0.0,0.7279932196130013,0.7895641189181636,0.15668120715748254,0.13449833520923823,0.41540503063639417,1.0,0.3558442704450374
0.47789075397975406,0.0,0.47525227132013836,0.7203068760701657,0.15668120715748254,0.40801240443088044,0.47457290290144377,1.0,0.28343625198332684
0.6355291505996148,0.0,0.3715963641842338,0.6468031439369688,0.34897177957802894,0.16690254347972278,0.37823808360978456,0.6666666666666667,0.38614601702315
0.5209853531425035,0.0,0.404156424931643,0.6548990464954505,0.4130686370515447,0.3324442308056228,0.44800300528389014,0.6666666666666667,0.3055626234088025
0.6045440907691727,0.0,0.39392075332606047,0.6388947159122952,0.34897177957802894,0.20380028264924602,0.3941035990150579,0.6666666666666667,0.5066471017742794
0.3882421736530576,0.0,0.5075873846980987,0.7024704911324742,0.37300810113059735,0.21650819167648142,0.5863945028298927,0.6666666666666667,0.4173627400248298
0.34362300242163735,0.0,0.6675773794425769,0.5820696417029507,0.15668120715748254,0.14657345482773892,0.6018721081997129,1.0,0.3489675096946443
0.5898824270175554,0.0,0.5399969198264738,0.6993698161710405,0.15668120715748254,0.225517551537725,0.4126391919481476,1.0,0.48337145751553073
0.5686380195176162,0.0,0.6743925120316452,0.7648104923763377,0.15668120715748254,0.18987356561463595,0.4227937221709303,1.0,0.4600265610119904
0.5325141138513205,0.0,0.5468321876719828,0.5703972173559341,0.34897177957802894,0.2423101126713519,0.45121518944851585,0.6666666666666667,0.25427205237957407
0.35519993728795807,0.0,0.4271937759709747,0.7385884542831943,0.15668120715748254,0.19951620116821886,0.5541805313920662,1.0,0.37950037390344166
0.5359840826994887,0.0,0.501723508846469,0.9393147247409223,0.34897177957802894,0.3003260308137714,0.39687608266501206,0.6666666666666667,0.42449953692739706
0.61493256500949,0.0,0.7379504035694072,0.8576414838323464,0.15668120715748254,0.18125595569965391,0.3831563774858525,1.0,0.27455543297466506
0.4964905418120139,0.0,0.7677334471615324,0.7732293951428095,0.37300810113059735,0.20472819834569672,0.47902355538103614,0.6666666666666667,0.44400205359774964
0.6992749723503101,0.0,0.6682116166402132,0.8116952245584161,0.220778064630998,0.23297167933698992,0.31793156524413585,1.0,0.4956389485630867
0.516119975225923,0.0,0.5061995194139242,0.5493373920066827,0.15668120715748254,0.09648817173457022,0.5006900832961355,1.0,0.3308416894115225
0.7630325443402904,0.0,0.6416523715017941,0.6360973507206115,0.15668120715748254,0.14142232583097314,0.37643139477472554,1.0,0.29459257656386256
0.5017312165589339,0.0,0.729064444637478,0.5417418767459358,0.15668120715748254,0.0887564199966493,0.5303257004832624,1.0,0.29602304601816687
0.5004481919182477,0.0,0.3070396174214906,0.5304222239302824,0.34897177957802894,0.4635587485549698,0.47441106521236176,0.6666666666666667,0.3575802015657236
0.7085313267279493,0.0,0.5657337244923654,0.6041029558692109,0.15668120715748254,0.24308314750626694,0.45620202622276995,1.0,0.28052392479114385
0.5692014566548588,0.0,0.36341696065010043,0.5465381139716435,0.34897177957802894,0.20380028264924602,0.42832660622490315,0.6666666666666667,0.299577665893942
0.305090668798085,0.0,0.5483238980321832,0.5968199055741551,0.15668120715748254,0.21714841318696262,0.6445846655097975,1.0,0.40986905942216306
0.42788266672813324,0.0,0.5412138926323884,0.49198585405750034,0.34897177957802894,0.3205459949570803,0.5685515512260693,0.6666666666666667,0.31432859731533835
0.6826505288124233,0.0,0.689547127268094,0.8642346642653718,0.34897177957802894,0.3043959243074307,0.30966721135104447,0.6666666666666667,0.3335935139628589
0.3068290958818943,0.0,0.4726129148274819,0.6009069014564973,0.15668120715748254,0.19951620116821886,0.6437164568199666,1.0,0.40986905942216306
0.5514940629956804,0.0,0.5465583494924819,0.8089572694335939,0.34897177957802894,0.164569986825688,0.45840035793621176,0.6666666666666667,0.4624420982380737
0.7432284477502317,0.0,0.502164174864574,0.6247907169821552,0.15668120715748254,0.15715811250795103,0.3753579822770632,1.0,0.4956389485630867
0.7551040844620003,0.0,0.3554199998404108,0.6498593112007797,0.34897177957802894,0.27980065680938604,0.37520976171676795,0.6666666666666667,0.38026257243528416
0.5048037296594181,0.0,0.49934556256378576,0.5408630980490189,0.15668120715748254,0.1306190145283069,0.46289643097748223,1.0,0.4005415976104123
0.4908062746559528,0.0,0.6873011936111215,0.7543587696334605,0.15668120715748254,0.22474703145996203,0.48492371776603377,1.0,0.32187716586094905
0.6177849794516046,0.0,0.695761594151848,0.781616205945756,0.34897177957802894,0.29280010493386355,0.3512534324390983,0.6666666666666667,0.3241057236809836
0.6020625219437137,0.0,0.8404273749347156,0.8080590650768273,0.15668120715748254,0.0887564199966493,0.4310913820255222,1.0,0.29602304601816687
0.3839583029407525,0.0,0.48138194548848556,0.5739558878524328,0.15668120715748254,0.14192291298273566,0.4992397587783291,1.0,0.2699674680345432
0.7322431007851099,0.0,0.4595626157030831,0.4534993328736565,0.15668120715748254,0.09251682364011247,0.40416594535414646,1.0,0.4915119252016399
0.30883442222888424,0.0,0.47678766734971095,0.7104730472215725,0.34897177957802894,0.4782708425417311,0.6384913376646703,0.6666666666666667,0.28343625198332684
0.4928365393999576,0.0,0.7606031708806218,0.8081905207060408,0.15668120715748254,0.2464569579064841,0.48310888705000166,1.0,0.32156429640017026
0.7791606890354678,0.0,0.3043318090411923,0.6180387296088474,0.34897177957802894,0.2957966016599532,0.4252863338951,0.6666666666666667,0.43875348641036893
0.7533763788043953,0.0,0.4995803405412744,0.620807692892774,0.15668120715748254,0.09251682364011247,0.36943911457760714,1.0,0.4915119252016399
0.44968162217506696,0.0,0.5602829949201508,0.7060448688427322,0.15668120715748254,0.08577056880952981,0.5605874983267506,1.0,0.28343625198332684
0.6657519409473405,0.0,0.6240083781397914,0.8226265500052389,0.34897177957802894,0.15376323595897953,0.3589755358552465,0.6666666666666667,0.35790638412590786
0.2677077426342005,0.0,0.5491153110922281,0.7321646218741853,0.15668120715748254,0.19951620116821886,0.6443820620290776,1.0,0.3772132549088087
0.5009765385083234,0.0,0.7468239024346165,0.5222438847391084,0.15668120715748254,0.0873680409891989,0.5405775311730331,1.0,0.34631313701975464
0.637003163393946,0.0,0.6797598941034019,0.855897089728692,0.15668120715748254,0.09250018315366461,0.3328828176464215,1.0,0.30542699018702657
0.34916264189358376,0.0,0.6191365999810531,0.7644500241878801,0.34897177957802894,0.158753208291529,0.6062344623793032,0.6666666666666667,0.3829622960697564
0.3635750056820059,0.0,0.4015095978633923,0.5005281711941566,0.34897177957802894,0.2369208804153909,0.5702702794285948,0.6666666666666667,0.36810862658016613
0.6597500949261045,0.0,0.7861494871421948,0.7887019571845424,0.15668120715748254,0.13449833520923823,0.39365963428864237,1.0,0.2791554666248146
0.6695394555737039,0.0,0.4639566271616402,0.9849270017524714,0.34897177957802894,0.29960832912600643,0.32832649322285423,0.6666666666666667,0.35790867779207397
0.6769858689671084,0.0,0.6563324349288447,0.8884611662506878,0.37300810113059735,0.16874018743087288,0.32825160892912075,0.6666666666666667,0.35618223413564054
0.5573266605833175,0.0,0.6906860805116988,0.8276041577689731,0.15668120715748254,0.18125973169094914,0.424366771972328,1.0,0.3680640771877924
0.6670522404042641,0.0,0.4756568633416957,0.9883898047021356,0.34897177957802894,0.3269064499630005,0.33067702571490587,0.6666666666666667,0.35759580833129484
0.45157522429470087,0.0,0.5353656613018876,0.5462733819336193,0.34897177957802894,0.248865222453622,0.48989099200994796,0.6666666666666667,0.27360261592562785
0.39061061419582305,0.0,0.5775445059862839,0.7127212378026655,0.34897177957802894,0.22238702165677762,0.5559322503504529,0.6666666666666667,0.3489675096946443
0.6845703636792345,0.0,0.6790438057322636,0.8226190729661235,0.220778064630998,0.23297167933698992,0.3105243051319676,1.0,0.4956389485630867
0.6254851939620667,0.0,0.19175445746555725,0.17159350675812846,0.15668120715748254,0.39062437368307606,0.8294552556304353,1.0,0.5370463805144045
0.41738114318354574,0.0,0.38610368826885627,0.163523244099924,0.15668120715748254,0.44270860988675675,0.8606123354992575,1.0,0.5024001325594428
0.21039182641452683,0.0,0.20002231378325752,0.19336710665450327,0.15668120715748254,0.3798672059326472,0.7701230256233468,1.0,0.4788144220050032
0.4043097774903269,0.0,0.5072998765050498,0.30111924299418114,0.565298673551144,0.36379812133769823,0.6039030976632149,0.33333333333333337,0.491187311889533
0.656737281614413,0.0,0.7353558483776711,0.5984613861337146,0.15668120715748254,0.3341151468630456,0.3965918690504163,1.0,0.4600468603087886
0.4624182081848573,0.0,0.5600982371813567,0.1436129210595511,0.37300810113059735,0.3572901145450814,0.7612882853294797,0.6666666666666667,0.2747519965103904
0.25975436413531294,0.0,0.36647540177170496,0.3747532060388646,0.15668120715748254,0.13331956975845552,0.6639345474235959,1.0,0.4142656114639002
0.45057904916340663,0.0,0.2916765071361902,0.880631354120599,0.37300810113059735,0.3097046268784483,0.6055354303937617,0.6666666666666667,0.49238172107549
0.4584416629655073,0.0,0.5600664850286032,0.14377526683442737,0.37300810113059735,0.3572901145450814,0.7612005549733377,0.6666666666666667,0.7163699867753461
0.4778317247082733,0.0,0.327251988673855,0.27737675376224347,0.6510282204219711,0.41918856773095964,0.6167884131408164,0.33333333333333337,0.49470880209422313
0.3346573219685799,0.0,0.1695922569457408,0.37510079832001963,0.37300810113059735,0.3230739145733525,0.8013117432244256,0.6666666666666667,0.30598833463395975
0.292937498039855,0.0,0.4079221216055175,0.6532522836732065,0.15668120715748254,0.32915569017706325,0.5457916020252813,1.0,0.17466859900869022
0.30692957919888947,0.0,0.181080000322637,0.23142469056665302,0.15668120715748254,0.33246223592755103,0.8200108528202537,1.0,0.5294271743001049
0.37971650940453266,0.0,0.18030339255787817,0.24642821801793602,0.15668120715748254,0.33246223592755103,0.8198601837994393,1.0,0.5294271743001049
0.4077619887975391,0.0,0.5163721889483904,0.3927992378841552,0.565298673551144,0.36379812133769823,0.5907365601355605,0.33333333333333337,0.4367759852557236
0.4517529121118951,0.0,0.22700507548840496,0.34224652961479507,0.4347013264488563,0.43162885666294865,0.6806958836760837,0.6666666666666667,0.20483192966202038
0.4247712111050488,0.0,0.25801636745468065,0.2194115600334052,0.15668120715748254,0.14662601098122235,0.6254907409787691,1.0,0.5808578148604897
0.5744179366144733,0.0,0.6673438837115164,0.4232201744307866,0.2818481260571531,0.39079918337488523,0.4487930950304093,1.0,0.4825137241950163
0.4787904765377379,0.0,0.5031142229914393,0.18427910054358956,0.15668120715748254,0.23483600880712813,0.7158274835681528,1.0,0.6749905284501287
0.3559839175471844,0.0,0.5261950722843804,0.7745336473844683,0.37300810113059735,0.24215587936184643,0.5251132939454763,0.6666666666666667,0.27209552856814984
0.3003551481577353,0.0,0.4937494951378553,0.18262143813094162,0.34897177957802894,0.3106495756361668,0.635858646326522,0.6666666666666667,0.6923163401924619
0.34997574330329384,0.0,0.19334357754599404,0.2944493831831551,0.15668120715748254,0.21144353926647888,0.7800510692856861,1.0,0.5684503150635613
0.5691390030450029,0.0,0.38696793851269234,0.8645109816754294,0.37300810113059735,0.3097046268784483,0.5134334528654467,0.6666666666666667,0.40093763253843234
0.4525824180521945,0.0,0.49531296261388985,0.2593186877193534,0.37300810113059735,0.39022571854326954,0.5388488943048819,0.6666666666666667,0.3446890254708889
0.4600808273897786,0.0,0.6507983527370775,0.7153403577310874,0.15668120715748254,0.2258877227709151,0.42647068181045905,1.0,0.4956761625446474
0.556410220968625,0.0,0.6721935483310656,0.49339582859844805,0.15668120715748254,0.14136609975969958,0.5646440997334652,1.0,0.18874013610887738
0.528608032411185,0.0,0.644217983776569,0.47308065458979254,0.220778064630998,0.2761190244471061,0.5130191654546168,1.0,0.42847374986142256
0.2956023258929245,0.0,0.2647500248890335,0.25815234176484375,0.34897177957802894,0.2661217228715779,0.6441993479382709,0.6666666666666667,0.5356294638820666
0.24895194188914932,0.0,0.49922773744285237,0.19302063567015776,0.37300810113059735,0.45350750392519734,0.7609211422593184,0.6666666666666667,0.4776144609114151
0.5849322184796626,0.0,0.2757387025897991,0.2149700234741566,0.15668120715748254,0.150934704426341,0.6998042023385701,1.0,0.4680307952142383
0.2899858878940005,0.0,0.2952893699563363,0.4280124290753089,0.15668120715748254,0.2583052731735552,0.6461348391022081,1.0,0.42884243504002306
0.6448538994756167,0.0,0.6880503203187575,0.5595910317272905,0.15668120715748254,0.24121397941622114,0.460539485113758,1.0,0.5118038181170382
0.29556447588266593,0.0,0.35980050239693434,0.4528671231481429,0.15668120715748254,0.23663782306206152,0.5839872048603285,1.0,0.42059064217479986
0.2999045754777054,0.0,0.6416043065934892,0.16250043668737857,0.37300810113059735,0.3106495756361668,0.7395110882864888,0.6666666666666667,0.7141673638959549
0.4401855429205111,0.0,0.436959525779625,0.27246520392040624,0.15668120715748254,0.22048395684660865,0.5741230574208042,1.0,0.5652051822117319
0.36950457345661464,0.0,0.2542104400335409,0.3981770798449847,0.37060446897534083,0.36989029334128193,0.6547904246508574,0.6666666666666667,0.2986560049549811
0.5596920265662705,0.0,0.24775859073470916,0.3316619059965737,0.34897177957802894,0.33439804106695303,0.6201687545396019,0.6666666666666667,0.3613828389873138
0.36242316738045727,0.0,0.3710950044012265,0.21877842870224123,0.15668120715748254,0.20175716753144274,0.6142368872069096,1.0,0.6965371736307976
0.6355900540202046,0.0,0.6223559169903469,0.5258771332456633,0.37300810113059735,0.34180098647493146,0.557219116123615,0.6666666666666667,0.44109819247764737
0.4103171996088178,0.0,0.3482433618811679,0.4844004346434565,0.37300810113059735,0.28572435352650644,0.5670754908116304,0.6666666666666667,0.27884570085842475
0.4354678479555355,0.0,0.5226316211733903,0.5918778043371128,0.15668120715748254,0.13331956975845552,0.4922793072132235,1.0,0.45973711315694366
0.5766567052412358,0.0,0.27041222506540025,0.553200881205774,0.15668120715748254,0.20106149747891747,0.7079565191408221,1.0,0.4695091864595192
0.42634883502827675,0.0,0.2534314364254905,0.3427236840779162,0.220778064630998,0.3998819566589721,0.6703857389317881,1.0,0.320106755449282
0.5157401901029814,0.0,0.30240015598168385,0.36450334602149925,0.15668120715748254,0.1962765723604606,0.6263236536136755,1.0,0.43208124225401195
0.424542751896594,0.0,0.6073373622739778,0.16699281338269512,0.37300810113059735,0.3570915974224543,0.7973630449441137,0.6666666666666667,0.683435016722931
0.3664760378795819,0.0,0.6536421036455031,0.20857061887938635,0.37300810113059735,0.4387933173342738,0.6740365387046895,0.6666666666666667,0.4079549797983361
0.4918347262532721,0.0,0.33622687564259063,0.4069807982068976,0.15668120715748254,0.3451132235581584,0.55235038735083,1.0,0.2924505488383849
0.5570402022278386,0.0,0.27590739049847895,0.2877307233305037,0.15668120715748254,0.1959056036336981,0.649130700143744,1.0,0.365107014310363
0.7158459205451997,0.0,0.6925142224564512,0.37953474635855067,0.15668120715748254,0.293963600672844,0.4987905839449082,1.0,0.5040223457425974
0.26544279097258044,0.0,0.43130324399177944,0.2666922845597616,0.4371049586041128,0.4626226545286903,0.7483033466743315,0.6666666666666667,0.31351122498119416
0.23080756224449067,0.0,0.5791009723996138,0.20259373691753274,0.37300810113059735,0.4135311029659864,0.6614352435789316,0.6666666666666667,0.478352745717664
0.22363248575634304,0.0,0.1971188566687596,0.194143001692986,0.15668120715748254,0.3783372772719265,0.7694197580867023,1.0,0.4788144220050032
0.4737305618713843,0.0,0.21470918139013587,0.3387398308279346,0.15668120715748254,0.3238628542634945,0.6857836776561417,1.0,0.320106755449282
0.6250261635942287,0.0,0.5955368818798,0.6654034283074188,0.220778064630998,0.2698064959699384,0.44916608045409084,1.0,0.4354148122338663
0.38826712076687975,0.0,0.41098287363978714,0.5251295039539026,0.37300810113059735,0.4073949583652451,0.5443527381722683,0.6666666666666667,0.19789290259992703
0.32433982192352745,0.0,0.5067300573307335,0.2087781037371938,0.15668120715748254,0.23475611584664827,0.7995391318681822,1.0,0.5248331159869889
0.4841888413202099,0.0,0.2898210734906695,0.22678775602688642,0.15668120715748254,0.20014278978936648,0.7323761633276092,1.0,0.365107014310363
0.33945079921896,0.0,0.5634031002926685,0.212494716213961,0.15668120715748254,0.24715260655709423,0.6472099289954552,1.0,0.3857121142075503
0.2681631415086719,0.0,0.4813158421019545,0.1725457653639467,0.37300810113059735,0.4018115400183974,0.6924198806556142,0.6666666666666667,0.39181503420039865
0.5306551039118051,0.0,0.6192715882176768,0.4152237108391433,0.220778064630998,0.3609431643894316,0.5502268164517392,1.0,0.5482321973623717
0.2551844705889195,0.0,0.26370755608976365,0.22329435427884867,0.15668120715748254,0.19121783859351715,0.6639436784984755,1.0,0.5348446786190859
0.6321074459588648,0.0,0.5532142691966315,0.5073694969114706,0.37300810113059735,0.3674214062996601,0.5832566523875914,0.6666666666666667,0.18874013610887738
0.5335774218747934,0.0,0.7001455345254568,0.17980724491521433,0.15668120715748254,0.29769042033075405,0.5537879068819702,1.0,0.5139367057298648
0.47620595257601284,0.0,0.460473440035671,0.29686575328679843,0.15668120715748254,0.22595527255762768,0.6231401327975759,1.0,0.491187311889533
0.41700324203686784,0.0,0.4234639285113958,0.161792966174488,0.4371049586041128,0.4626226545286903,0.7472262731194336,0.6666666666666667,0.31351122498119416
0.5055738382588232,0.0,0.3625548583780887,0.22861982433155922,0.15668120715748254,0.18014712835607832,0.6216162740579024,1.0,0.39139043511116967
0.581619117019915,0.0,0.32515598861558315,0.21932114740798325,0.15668120715748254,0.24848553232705609,0.5714443712277784,1.0,0.20131331377882675
0.5673033714330034,0.0,0.7375068401936347,0.4363942928141714,0.37300810113059735,0.361732953826641,0.4943987566591116,0.6666666666666667,0.3099724109204793
0.4377719772124477,0.0,0.5324867208472799,0.620402974749743,0.15668120715748254,0.2643542533017845,0.4086100000806531,1.0,0.4843866049462253
0.4197909029963235,0.0,0.3233581180846271,0.43217218335085006,0.15668120715748254,0.16579883862832298,0.6019751034164467,1.0,0.2772487205430451
0.5175780518635206,0.0,0.7135545049969856,0.3103984195470218,0.37300810113059735,0.361732953826641,0.5473116702147315,0.6666666666666667,0.28814972584939325
0.4588766632576852,0.0,0.39858105780330605,0.47190854256708925,0.15668120715748254,0.33158139153620636,0.5492545983551507,1.0,0.19789290259992703
0.32847305744812844,0.0,0.17666827840231553,0.23993453935790168,0.37300810113059735,0.3230739145733525,0.7867292075846986,0.6666666666666667,0.30598833463395975
0.45597119101226163,0.0,0.4460964913033708,0.2950635714313011,0.2818481260571531,0.39079918337488523,0.5367871965925807,1.0,0.4836007421032948
0.42266890033415144,0.0,0.3457601521598755,0.312487931752246,0.15668120715748254,0.34935040971438774,0.6357641771382714,1.0,0.2924505488383849
0.40755222084381343,0.0,0.38601206471604593,0.3501019887248687,0.15668120715748254,0.29128993061107383,0.65797957344287,1.0,0.20483192966202038
0.3780588083164169,0.0,0.3787807280364771,0.3475552156422721,0.37060446897534083,0.36722454007529,0.6241296092228731,0.6666666666666667,0.2947746335991654
0.3783675635527247,0.0,0.6836065143268403,0.5716809478651357,0.15668120715748254,0.22141939041433795,0.5231201452223629,1.0,0.38014310529045825
0.30531738634864425,0.0,0.475036021289128,0.17917417729465773,0.34897177957802894,0.3106495756361668,0.6704642817770569,0.6666666666666667,0.692682490347758
0.36587840776107294,0.0,0.6049314000180754,0.15572599548318328,0.37300810113059735,0.4387933173342738,0.7262276368293977,0.6666666666666667,0.4805489834094129
0.540655832016195,0.0,0.49200443273545097,0.17164754937526833,0.220778064630998,0.3645301698713131,0.5924036190595905,1.0,0.5461337658171022
0.4007115286051474,0.0,0.6670593042525809,0.20059075420422093,0.3133624143149648,0.15485657497775754,0.5909363487573898,1.0,0.0951821654383083
0.5974184812578215,0.0,0.5191766257303874,0.8176982177377439,0.9359031425264845,0.33314544723192857,0.5104802069128552,0.0,0.43192845871638275
0.30545388219340486,0.0,0.6931134693882045,0.2054660666103845,0.5296893082880796,0.2012424070643592,0.5720327587146676,0.6666666666666667,0.12476831903149273
0.6933790404236213,0.0,0.2919822782138394,0.4096178424859173,0.7219798807086263,0.2838938062695703,0.5834509945611857,0.33333333333333337,0.10934562357019109
0.36833964903000244,0.0,0.7787996476973793,0.17402439773521836,0.5296893082880796,0.20341282088931398,0.5211388836295847,0.6666666666666667,0.008200213420259216
0.6073632958995581,0.0,0.5040381071903822,0.28397533128031793,0.5296893082880796,0.19594774784284186,0.4283529763872258,0.6666666666666667,0.11113589748819586
0.5285957207733315,0.0,0.42730111417156647,0.38719974794748263,0.5056529867355115,0.2497227565730987,0.5226235937485383,0.6666666666666667,0.0
0.32673461509711194,0.0,0.7629453022567232,0.17527482720568824,0.3133624143149648,0.0055765149685856365,0.5471684869963817,1.0,0.07240435434003839
0.675084947201286,0.0,0.3956449118232478,0.8992759732810865,0.5056529867355115,0.21574492907637993,0.49436789133371195,0.6666666666666667,0.11430403761292222
0.3327349812996183,0.0,0.380054168596237,0.2084669189145721,0.5296893082880796,0.14934231294414904,0.6271897078487954,0.6666666666666667,0.27297498058270986
0.6241893964489048,0.0,0.6159610115561015,0.5900177430352845,0.9359031425264845,0.27679491131850165,0.47303977349008886,0.0,0.09181372430508249
0.7703080650007067,0.0,0.35332420157750904,0.7011903243013968,0.3133624143149648,0.13396655650786451,0.5298628828968119,1.0,0.09620356452642147
0.3530231925645014,0.0,0.7468384233105014,0.15747619103083366,0.5296893082880796,0.18329094514613228,0.5316325909058202,0.6666666666666667,0.15931556662587465
0.30545388219340486,0.0,0.6931134693882045,0.2054660666103845,0.3133624143149648,0.118536697796317,0.5720327587146676,1.0,0.12476831903149273
0.7349348816226059,0.0,0.5849799321736965,0.382753689137305,0.7219798807086263,0.2991018422391124,0.44804295309965736,0.33333333333333337,0.2204090250739102
0.3400294590580303,0.0,0.5372179526889683,0.16697114513352973,0.37745927178848027,0.18479825018036924,0.5914211722178072,1.0,0.3412159498163571
0.4424595523724538,0.0,0.6950275353174853,0.17811861394048503,0.718953084661266,0.32503253265570825,0.5038104593020061,0.6666666666666667,0.25751125000535874
0.7660162394328446,0.0,0.3995619390368984,0.8989382111161482,0.7860767381821417,0.34298448179644475,0.49425061188015895,0.6666666666666667,0.11455674560089761
0.37407156414267423,0.0,0.7714735188803437,0.17741665439837395,0.5937861657615954,0.2726728586475594,0.5222471995872583,0.6666666666666667,0.07506199098797257
0.5092987814682349,0.0,0.46769837464895175,0.4103431998985226,0.7860767381821417,0.4336564670556893,0.4860996938499074,0.6666666666666667,0.11550618535401719
0.4676968502425637,0.0,0.586902321330067,0.49270287916924255,0.8471467996082969,0.33988795430978486,0.5248026708644177,0.6666666666666667,0.10934558820851366
0.6299101715600306,0.0,0.4126802737099654,0.7767185270504964,0.9359031425264845,0.36721821122477694,0.4984165279342865,0.0,0.4518867654329903
0.6145147934289664,0.0,0.4812582002416156,0.8459595183984192,0.7219798807086263,0.21847678298847184,0.542215773779812,0.33333333333333337,0.2967062191949074
0.37910758086913177,0.0,0.44882559139720896,0.17036497055244432,0.3133624143149648,0.04866286597658877,0.5604607407044128,1.0,0.2368885827758155
0.6937102018756921,0.0,0.6246499123721474,0.5282738327882704,0.7219798807086263,0.3854755344647813,0.44433245167389934,0.6666666666666667,0.0965116370848143
0.7455632123521013,0.0,0.5781661171643329,0.5828452217506445,0.569749844209027,0.3821400788583083,0.45169608415264545,0.6666666666666667,0.09694959274114909
0.5796218754310523,0.0,0.4575251588468907,0.40904524025358063,0.5937861657615954,0.09395955036141895,0.46168341189027695,0.6666666666666667,0.36638781847318236
0.476342065929204,0.0,0.5347166002424152,0.25716604208783317,0.8471467996082969,0.33989401057302043,0.5816899772873215,0.33333333333333337,0.09555016466894176
0.7236477720318318,0.0,0.525995721904703,0.6058395071420644,0.7860767381821417,0.36431318663241635,0.49582435491331395,0.33333333333333337,0.32099014602065096
0.5767736173848353,0.0,0.42293940250976825,0.27625897298905133,0.7219798807086263,0.2942935851796351,0.5117945555284207,0.6666666666666667,0.17941424904285944
0.6978138547181338,0.0,0.6267777194481,0.523755429693077,0.7860767381821417,0.4414355935152503,0.4423254584191835,0.6666666666666667,0.0965116370848143
0.6989635848648916,0.0,0.5555401864003263,0.5223419982913785,0.7219798807086263,0.25194015536302933,0.45873080354464907,0.6666666666666667,0.10375653239925833
0.5625726626425276,0.0,0.5181858713250039,0.5672487951745439,0.5296893082880796,0.1621022729219673,0.5790437820759872,0.6666666666666667,0.09648241093668934
0.4094884752973685,0.0,0.714074957693192,0.2159428033869718,0.3133624143149648,0.1550493466605389,0.5143436109075578,1.0,0.15196944801514028
0.6227704931691184,0.0,0.41532150929160183,0.37655700680073045,0.5056529867355115,0.11706295258681726,0.5640718624927323,0.6666666666666667,0.18787736117600587
0.5562667277144911,0.0,0.6973282773205003,0.3866995927675878,0.5296893082880796,0.10161373399901351,0.4817162173163704,0.6666666666666667,0.018429584457486
0.6949990896680776,0.0,0.6324076771915955,0.5408068664207824,0.5937861657615954,0.38311746518522066,0.44180336061283604,0.6666666666666667,0.09517197145961326
0.7428929747901318,0.0,0.36580933425235085,0.6579976203113931,0.3133624143149648,0.1339994950018727,0.5184391143104397,1.0,0.04990253559744674
0.6832571557544349,0.0,0.3040051911511255,0.40113342217860437,0.7219798807086263,0.2850951593888814,0.5834231446984784,0.6666666666666667,0.10934562357019109
0.3842214374468394,0.0,0.731799756210204,0.1724208818997552,0.7219798807086263,0.2986349043158391,0.5195565646208907,0.33333333333333337,0.2129927588532156
0.46627175560517453,0.0,0.4172227292746618,0.29276267416701807,0.569749844209027,0.3186441809631339,0.545031050086851,0.6666666666666667,0.0
0.7194275396961423,0.0,0.4095663443124586,0.5891898593675762,0.7219798807086263,0.3069795248557383,0.49631131183040916,0.33333333333333337,0.4491419919638474
0.4586191406487357,0.0,0.33170845175122704,0.19399847287546648,0.3133624143149648,0.13416628339440448,0.5890825283330265,1.0,0.09636609646627306
0.3357738176610465,0.0,0.5348292826509649,0.22324986666713476,0.3133624143149648,0.03311070171671177,0.5862222803669112,1.0,0.23812651351022007
0.5338035249282373,0.0,0.33645094579164264,0.3058557487000069,0.5296893082880796,0.23835976152002725,0.5633605011998205,0.6666666666666667,0.1420264769677617
0.7334848287262712,0.0,0.3174492231558825,0.6548018388746136,0.5056529867355115,0.2167052042699151,0.5659552824786683,0.6666666666666667,0.09620356452642147
0.6065121323259149,0.0,0.5925655875242035,0.6911932546422865,0.9359031425264845,0.27679491131850165,0.49542418953424733,0.0,0.036447719019844976
0.5383065090441881,0.0,0.39904649481242344,0.3397763319138124,0.7860767381821417,0.3768007608674773,0.5097320763127117,1.0,0.0
0.5011955294898935,0.0,0.5586674342986937,0.643014068649379,0.5056529867355115,0.21671010364617155,0.5344813884501883,0.6666666666666667,0.036600115355888384
0.3871509807594064,0.0,0.6523519649519062,0.198094776722935,0.3133624143149648,0.15485657497775754,0.5971838164116537,1.0,0.1007557371721548
0.6890674989280424,0.0,0.45654624202560545,0.4901329789908171,0.5296893082880796,0.18286683209404866,0.46074322637816456,0.6666666666666667,0.1082115466293185
0.4398573211419868,0.0,0.3935766284304956,0.22488875155872537,0.3133624143149648,0.0647361534653819,0.6022420074085427,1.0,0.0824416596908482
0.6029570403820014,0.0,0.49831762349618397,0.30449983791951707,0.5056529867355115,0.19714498686845716,0.43177358299353946,0.6666666666666667,0.11078026838015297
0.5074099807484945,0.0,0.5506693801728594,0.6138366622539801,0.5056529867355115,0.2289273401970917,0.5395416632779682,0.6666666666666667,0.03657019493316001
0.4413804306803939,0.0,0.39768149813077874,0.2438889538806148,0.5296893082880796,0.023935541173583475,0.547400728636217,1.0,0.35413600180989485
0.3955196825329771,0.0,0.5997842479277649,0.17893096897475963,0.8471467996082969,0.33992193001516874,0.6077227059797381,0.33333333333333337,0.09555016466894176
0.6577421189915006,0.0,0.578701695627726,0.6179567166202934,0.5296893082880796,0.3141960407951855,0.48850791281007955,0.6666666666666667,0.0965116370848143
0.40632865308012245,0.0,0.38785014297688303,0.19460051231386383,0.5056529867355115,0.14895145200187168,0.6183210736845786,0.6666666666666667,0.0816412116304595
0.451357847678163,0.0,0.3923834143828543,0.26158283690880246,0.3133624143149648,0.016169281198767704,0.5425164398224885,1.0,0.2848056804677908
0.44324867391530187,0.0,0.3488030494229472,0.18850936624024622,0.5056529867355115,0.2168719926624467,0.577853182962781,0.6666666666666667,0.08771650814569762
0.4087140176206876,0.0,0.37004508032836114,0.2350497086236952,0.3133624143149648,0.06624574273382948,0.617738170373501,1.0,0.0824416596908482
0.6386793735244684,0.0,0.45615223742893596,0.37035660425393985,0.3133624143149648,0.10252323797291707,0.47903666802329914,1.0,0.1316354630444401
0.6018446292905268,0.0,0.6209610470282543,0.4484745930517779,0.3133624143149648,0.06684964933039425,0.48278202577989054,1.0,0.09640349205442046
0.5977434437300969,0.0,0.5645726137355077,0.394016549247118,0.7860767381821417,0.352646582252526,0.45524634233465816,0.33333333333333337,0.2940601019664574
0.6624946893670732,0.0,0.38602550270320446,0.22060943849156897,0.3133624143149648,0.06191740939943885,0.5323677622223625,1.0,0.27818664596610637
0.7279424857965759,0.0,0.4920218576015244,0.8289223642759783,0.7219798807086263,0.28570136268131624,0.5038962108314328,0.33333333333333337,0.10934558820851366
0.6471174506838895,0.0,0.3890788234032807,0.4167611653888827,0.5056529867355115,0.11909644141432166,0.4945067139296368,0.6666666666666667,0.15691894503640522
0.5868024026166051,0.0,0.6557561248469929,0.31058451020608124,0.7860767381821417,0.3574199705691422,0.4592814365264399,0.33333333333333337,0.2204090250739102
0.36299817508733007,0.0,0.6439240180686432,0.19695347737477872,0.5056529867355115,0.2166346407578149,0.6121512739031244,0.6666666666666667,0.07555756084840223
0.3327349812996183,0.0,0.380054168596237,0.2084669189145721,0.5296893082880796,0.14934231294414904,0.6271897078487954,0.6666666666666667,0.27297498058270986
0.5603367757027801,0.0,0.37805850371176797,0.378808685934956,0.3133624143149648,0.09479485231250522,0.5369373766076293,1.0,0.05751382785400091
0.704542662830647,0.0,0.5432978452835033,0.8253683789074691,0.7219798807086263,0.17158579418220962,0.5153656144759156,0.33333333333333337,0.10934558820851366
0.5860579965460899,0.0,0.47891664234803527,0.35472645002691633,0.5296893082880796,0.19772967975178388,0.45181636800454944,0.6666666666666667,0.11113589748819586
0.4806573553266088,0.0,0.6246862215914383,0.260126671956641,0.7860767381821417,0.27562254712360784,0.5089159535092549,0.6666666666666667,0.16186894367559487
0.5978557083748478,0.0,0.3756121718172347,0.7347229034020709,0.5296893082880796,0.21574492907637993,0.5119380492131128,0.6666666666666667,0.10934558820851366
0.7073703197197614,0.0,0.5049506800940852,0.6056376781966007,0.7219798807086263,0.3062831059136387,0.5159937699836196,0.33333333333333337,0.10361302167582695
0.6324267098080711,0.0,0.3921833924495527,0.41682715232000106,0.7219798807086263,0.18801786580435703,0.49520729179470213,0.6666666666666667,0.14614025075907794
0.3864367310296607,0.0,0.6835376280970226,0.17630083029251964,0.7860767381821417,0.3550307620301317,0.585322803725632,0.33333333333333337,0.33610317915137633
0.4916183188749373,0.0,0.3997319851992467,0.3691952672796351,0.569749844209027,0.37784707167746606,0.5386154165623458,0.6666666666666667,0.05429352997363982
0.3741438058948406,0.0,0.7714155095502119,0.17533449666489265,0.5937861657615954,0.2726728586475594,0.5222524689611546,0.6666666666666667,0.07506199098797257
0.37191394631440505,0.0,0.7083469499383582,0.1774970223120564,0.3133624143149648,0.1670170473050563,0.5738170868609189,1.0,0.0
0.6052711678709355,0.0,0.47616573092135445,0.4507158350612999,0.7219798807086263,0.28224757234675285,0.5332727591648452,0.33333333333333337,0.3903154677317715
0.4361369207992706,0.0,0.3614332546549525,0.10349219167836944,0.5296893082880796,0.24057077773851598,0.508597324011173,0.6666666666666667,0.23305850804382638
0.5563760545496365,0.0,0.38064153357368996,0.04195397443463639,0.3133624143149648,0.17463433384533492,0.5141688358630486,1.0,0.26354683150675157
0.4100012042957569,0.0,0.321667075941371,0.08178928923105307,0.7436125701059378,0.24698984880015698,0.5578369924858483,0.33333333333333337,0.26457391351363346
0.4595950843500605,0.0,0.23307085289212598,0.03608316868674441,0.3133624143149648,0.0,0.6146412607163017,1.0,0.1699871778273715
0.6115483688338729,0.0,0.6984624018523219,0.12835108627287062,0.3133624143149648,0.1434291350641414,0.2511314106760733,1.0,0.18697777694159545
0.25716094671755046,0.0,0.30852077617394125,0.13271476614675842,0.5056529867355115,0.19085624451441355,0.5633131879112423,0.6666666666666667,0.3923363370881514
0.5735403750408602,0.0,0.29345069404603535,0.06836652674634623,0.6308199056351821,0.35044934384566745,0.5580953982551057,0.6666666666666667,0.44214925790987586
0.5796523559649622,0.0,0.3810399690987447,0.02812119014735845,0.3133624143149648,0.14351521802353814,0.5170014454146103,1.0,0.18661121350036744
0.5339749947785694,0.0,0.5605881438513639,0.2153092624305197,0.37745927178848027,0.18402905127587138,0.3592044635678411,1.0,0.07258974559193396
0.42634925548069075,0.0,0.1831111574653803,0.05175036350404607,0.3133624143149648,0.14967681559996213,0.6480494495395184,1.0,0.23855761732676117
0.6115259277938655,0.0,0.6985407011592177,0.12809158589899378,0.3133624143149648,0.14361949572111618,0.2511342797495165,1.0,0.18697777694159545
0.7608198136220808,0.0,0.3815636039299012,0.04178205276412663,0.5272856761328231,0.2357377069373836,0.5167971083023388,0.6666666666666667,0.1924673007279204
0.42634925548069075,0.0,0.1831111574653803,0.05175036350404607,0.3133624143149648,0.14967681559996213,0.6480494495395184,1.0,0.23855761732676117
0.508184965063216,0.0,0.6425866730978369,0.4793711389939093,0.37745927178848027,0.2010529760665687,0.3023270547675219,1.0,0.18685926703863512
0.5979453185900405,0.0,0.5429011306020526,0.06459390964093284,0.5056529867355115,0.18265853675433893,0.3774960229732863,0.6666666666666667,0.4892004009753336
0.4100012042957569,0.0,0.321667075941371,0.08178928923105307,0.7436125701059378,0.24698984880015698,0.5578369924858483,0.33333333333333337,0.26457391351363346
0.5985500475602316,0.0,0.5148362864751473,0.11543480359404608,0.3133624143149648,0.09267630520338607,0.40365811485298403,1.0,0.16270694064163357
0.6763358766230063,0.0,0.6101842910362848,0.07273522324885076,0.5272856761328231,0.18454601924053138,0.3216078862449137,0.6666666666666667,0.3798237848153703
0.7138893675748835,0.0,0.4115612867338335,0.05675908403211901,0.7195762485533698,0.34820296589494876,0.4762335481272996,0.33333333333333337,0.43651664641227295
0.6981160917390009,0.0,0.5888959796762429,0.09630844797505729,0.37745927178848027,0.20835797563737468,0.34161113178661134,1.0,0.2892940419014279
0.5610957259654459,0.0,0.5377695825018485,0.12926462834493607,0.5026261906881508,0.34830313235311255,0.386604945545142,1.0,0.08832831448624709
0.46016723494736617,0.0,0.24203937845363946,0.03104097928559223,0.6524525950324936,0.3095226631951465,0.6165743743911946,0.6666666666666667,0.17854970614883475
0.4421434464732613,0.0,0.36714101488886286,0.055350581926424926,0.569749844209027,0.32990703549840117,0.5031112159607487,0.6666666666666667,0.34701971421803224
0.45950145704707646,0.0,0.23310879903641696,0.03608730669952107,0.3133624143149648,0.05077039928647385,0.6147052112152385,1.0,0.07774041625822695
0.4696350691874446,0.0,0.2710355423058096,0.030199111197189477,0.5913825336063385,0.30113617981425667,0.5920502751949362,0.6666666666666667,0.19065600631852656
0.43041906114885814,0.0,0.5999381414092834,0.3594199690680368,0.37745927178848027,0.26422089299710777,0.3473007517648991,1.0,0.14825227752027478
0.4715443752539474,0.0,0.4697709949076263,0.47055013861492817,0.3133624143149648,0.1182702691005287,0.4164219005864493,1.0,0.37473687901540753
0.4028639443748831,0.0,0.2920404680777268,0.08226749887397533,0.7219798807086263,0.29110473778274265,0.5592297809667615,0.33333333333333337,0.2697067254981692
0.5197216701794595,0.0,0.44800941399802274,0.08622872461722478,0.569749844209027,0.2821082671302001,0.434398496938519,0.6666666666666667,0.11478399078377567
0.42752637560466833,0.0,0.4469422749092386,0.10890010297455391,0.3133624143149648,0.007389263297109314,0.4434770278592278,1.0,0.17022420115028472
0.36784150414265615,0.0,0.39803335775445675,0.18614976136867467,0.5056529867355115,0.1609434446935647,0.48611124496098757,0.6666666666666667,0.22837808110532506
0.263475857637508,0.0,0.5317526891899785,0.4199944800084722,0.3133624143149648,0.11595213614402793,0.45477596328073566,1.0,0.10872850759750709
0.4526876761166428,0.0,0.519294071536492,0.4356286182396784,0.5056529867355115,0.2811022967223068,0.39515871484421683,0.6666666666666667,0.32276737723087806
0.5549917660986695,0.0,0.5060499651142437,0.1285478788615173,0.5056529867355115,0.2769985778812662,0.3995786558996633,0.6666666666666667,0.4767432476882874
0.39360136930620254,0.0,0.2614365730633556,0.10942602628353672,0.3133624143149648,0.05439634272761529,0.5860936134381217,1.0,0.24340682974590705
0.46525282394766504,0.0,0.2520874732198922,0.029083744016534407,0.6524525950324936,0.2491991000601495,0.6003299517319045,0.6666666666666667,0.3753011445963363
0.5257172478953138,0.0,0.45453269414954045,0.08617152713262761,0.5937861657615954,0.2821082671302001,0.42952012376951615,0.6666666666666667,0.11478399078377567
0.41476370217871117,0.0,0.5613903940154666,0.3120370425358628,0.3133624143149648,0.14749410366982177,0.37099097243553814,1.0,0.20337348282501885
0.27606254870205826,0.0,0.34115914322898133,0.23314523919857996,0.5056529867355115,0.19085624451441355,0.5439791351039676,0.6666666666666667,0.39268773173843274
0.3761921723257234,0.0,0.35466985471195167,0.1649544186795099,0.3133624143149648,0.07823773542552227,0.5160854329395614,1.0,0.23459638924879514
0.6074089695070735,0.0,0.5479515010238576,0.048298574539003256,0.3133624143149648,0.10184030997248918,0.37260130236130734,1.0,0.29104503050249686
0.40100760272781044,0.0,0.3022900455288504,0.07283500063341163,0.6308199056351821,0.2498759343789007,0.5623487778722629,0.6666666666666667,0.2646140071073744
0.4361369207992706,0.0,0.3614332546549525,0.10349219167836944,0.5296893082880796,0.24057077773851598,0.508597324011173,0.6666666666666667,0.23305850804382638
0.6211265154718315,0.0,0.5295235279705395,0.08053630505569812,0.5296893082880796,0.26608785065859347,0.3813867279948758,0.6666666666666667,0.3533778254148229
0.42230924356484134,0.0,0.30245377441038573,0.15609141576094193,0.3133624143149648,0.1287893478397461,0.5541365351064194,1.0,0.31408188870335996
0.35736053537286344,0.0,0.5210007942700812,0.38322977445830614,0.3133624143149648,0.17673701377660797,0.41177560390985174,1.0,0.13373012459647976
0.3396377550448869,0.0,0.3463834417623713,0.08172769772546139,0.5937861657615954,0.15306005372476755,0.5343483666838496,0.6666666666666667,0.16884704832749578
0.31600514892447573,0.0,0.5902034256045366,0.3361632814936359,0.5056529867355115,0.25918233890666786,0.4146805714364197,0.6666666666666667,0.37470702222134794
0.4408518580145899,0.0,0.4346121391424785,0.271764360350895,0.5272856761328231,0.25919423018274057,0.4455242397636363,0.6666666666666667,0.13795245206569556
0.6279950189540278,0.0,0.6581576415910102,0.13015985062762467,0.37745927178848027,0.2798765904884436,0.2786790813942271,1.0,0.1518275337804125
0.5419903889973405,0.0,0.5134115165014833,0.15183721577006654,0.3133624143149648,0.12843300290977439,0.39354663310701216,1.0,0.4227272434476123
0.45180399493425655,0.0,0.4970297383405196,0.2505188046515824,0.37745927178848027,0.27275734651310396,0.4069495145642503,1.0,0.14219173155842427
0.4817074827639801,0.0,0.3587966283386623,0.18770198836520213,0.3133624143149648,0.06497984172318094,0.5018436293101101,1.0,0.17296766883559622
0.5830839477922439,0.0,0.6463912620487146,0.10698467109713912,0.3133624143149648,0.12902466075917046,0.29064624148734536,1.0,0.2282547337530707
0.5425222171617043,0.0,0.5836142306148183,0.17745527752434048,0.3133624143149648,0.10137150723466647,0.3423755065044749,1.0,0.07267959364695925
0.3054436420432774,0.0,0.5574333248771006,0.4098151569620339,0.5056529867355115,0.25944272304465016,0.42797610289445964,0.6666666666666667,0.13284066099373132
0.6400917216600512,0.0,0.6707518560598953,0.12729822097633997,0.3133624143149648,0.14221511676102727,0.26883140606591,1.0,0.1518275337804125
0.3842996856990525,0.0,0.42337650157360884,0.16840212314256786,0.5056529867355115,0.24070351285412514,0.5183131113289388,0.6666666666666667,0.4361513271359076
0.43649587027684444,0.0,0.6149990847563598,0.33863768084417745,0.5056529867355115,0.26422089299710777,0.33874065896735145,0.6666666666666667,0.37470702222134794
0.47128922416481484,0.0,0.2489065842059117,0.029084859534425602,0.3133624143149648,0.14303221006786307,0.5997299511319043,1.0,0.3681184732941766
0.4294792972982558,0.0,0.19706675351077352,0.039557519782892715,0.3133624143149648,0.06524172905514354,0.6419106512770408,1.0,0.17296766883559622
0.30387114070268023,0.0,0.3580793063319593,0.12399022248599062,0.5296893082880796,0.2284354148061169,0.5280456276064486,0.6666666666666667,0.404815862170015
0.345189858554512,0.0,0.39523760695183396,0.12313952043259592,0.5296893082880796,0.20872622775792768,0.4873351209677776,0.6666666666666667,0.4116962112871799
0.5210088208745416,0.0,0.6346778465927819,0.19908717125898648,0.5272856761328231,0.1836022206594854,0.3116530356338659,0.6666666666666667,0.21430990326758573
0.4769985244023912,0.0,0.3564569809049983,0.218806201393513,0.5056529867355115,0.1404482779963203,0.5082782455323349,0.6666666666666667,0.20659777317106423
0.35603603970704284,0.0,0.51945820765957,0.38304990037586367,0.5056529867355115,0.25944272304465016,0.41284669040105043,0.6666666666666667,0.13284066099373132
0.4726924887763818,0.0,0.26872443893703774,0.030725482831034736,0.569749844209027,0.30113617981425667,0.5874663301242983,0.6666666666666667,0.3343762471629492
0.408570579506737,0.0,0.4149625528603816,0.10947879913736963,0.3133624143149648,0.007389263297109314,0.46387774002359683,1.0,0.2609968708509002
0.6827686896190429,0.0,0.6026137476926247,0.07914294179702211,0.37745927178848027,0.20876364357379992,0.3267985564859287,1.0,0.3794826570056034
0.671335870036789,0.0,0.603522735975948,0.07074520407487415,0.5272856761328231,0.18454601924053138,0.3255777740224214,0.6666666666666667,0.2896351697111947
0.6685916226281748,0.0,0.5487632981757739,0.09578994474677276,0.5937861657615954,0.33636813388140896,0.37664791471555154,0.6666666666666667,0.38584743776715585
0.5933758963407199,0.0,0.4875574312635969,0.17368547011360497,0.5296893082880796,0.20067544123042685,0.4295730738681671,0.6666666666666667,0.10649246143228211
0.6017502630185729,0.0,0.6895170949182292,0.1298456918098846,0.5296893082880796,0.22493522808899724,0.2600146582410739,0.6666666666666667,0.2039779113671156
0.3872294259692648,0.0,0.26592602259281584,0.08212292941783868,0.5296893082880796,0.2316148898361207,0.5787692547763176,0.6666666666666667,0.24017919813161068
0.42088751513236944,0.0,0.5913976128666811,0.3258148730169556,0.37745927178848027,0.2625343075658515,0.3533057294227692,1.0,0.12806159361004263
0.4923363141210867,0.0,0.4792880691039393,0.1698780368627146,0.37745927178848027,0.2794867141856481,0.4122306832667121,1.0,0.3470050979689702
0.6583542431311196,0.0,0.5676318915284478,0.06738122454882461,0.5296893082880796,0.2401891044308618,0.35718122001178637,0.6666666666666667,0.33011599171059247
0.3287657012139113,0.0,0.43966537313127296,0.1166248635967845,0.5296893082880796,0.1829055819253506,0.47051841176767084,0.6666666666666667,0.37470702222134794
0.6051268661861146,0.0,0.6787092961272675,0.20276115540603723,0.37745927178848027,0.22627703976232091,0.2656126567412249,1.0,0.1868879289295259
0.5197216701794595,0.0,0.44800941399802274,0.08622872461722478,0.37745927178848027,0.21318684274016492,0.434398496938519,1.0,0.11478399078377567
0.41946619943285895,0.0,0.34515944306442864,0.16102674128025252,0.3133624143149648,0.16996355417630798,0.5210663617274277,1.0,0.2596490835917799
0.5905357695026333,0.0,0.5766316347804534,0.12207571827533907,0.3133624143149648,0.12469960587374213,0.3517920049919386,1.0,0.27433952112603815
0.39217348265870805,0.0,0.28549877985049144,0.07099132959156057,0.5296893082880796,0.22218331339270728,0.565099313970399,0.6666666666666667,0.16470352375091044
0.3055195516650329,0.0,0.3278357728815513,0.19470592941805592,0.5056529867355115,0.19451693803206657,0.5513626642918641,0.6666666666666667,0.26033362162400353
0.4415826336083123,0.0,0.2097495645586482,0.0443611973744184,0.3133624143149648,0.06987778480304406,0.6324386851639966,1.0,0.17699817024832756
0.4991084012178582,0.0,0.4884324060488787,0.10362430514957736,0.3133624143149648,0.0002739686075628074,0.40811099295299175,1.0,0.2674382891980067
0.4764324773994635,0.0,0.4586636798102913,0.12558882705677907,0.3133624143149648,0.10826529891689612,0.4265277992537691,1.0,0.39327063799882933
0.6464547433208917,0.0,0.6490721515646767,0.10437141377332357,0.37745927178848027,0.20740012655702045,0.2917159112053791,1.0,0.406510113877206
0.6221723737428252,0.0,0.5299856685617598,0.08129289791827317,0.3133624143149648,0.18338214139055103,0.3818570532031507,1.0,0.4522975776245756
0.4746556426916938,0.0,0.30747035800213174,0.08302508730924729,0.569749844209027,0.34167877090313914,0.5500156544898056,0.6666666666666667,0.14219173155842427
0.3906692820320611,0.0,0.41160127028043514,0.21455659315229136,0.5056529867355115,0.18499950571511037,0.4701966643083835,0.6666666666666667,0.3254228637676365
0.45030038041305404,0.0,0.2182190127382221,0.04452409245578867,0.3133624143149648,0.06987778480304406,0.6258117669085184,1.0,0.17719280503069393
0.44838039874515045,0.0,0.5561992972870453,0.26085887018652,0.37745927178848027,0.2010529760665687,0.37010039133279155,1.0,0.20556123537307655
0.5635877390666332,0.0,0.5360899497596697,0.12916832539432196,0.5026261906881508,0.3494701888685017,0.3877675961941612,1.0,0.08832831448624709
0.49476586358804076,0.0,0.5741357590603592,0.10516418182716725,0.37745927178848027,0.22495108243021072,0.36694908171247204,1.0,0.15345573170854349
0.6380810074531905,0.0,0.5579263092067848,0.07229131776942331,0.3133624143149648,0.12469960587374213,0.3609781435956856,1.0,0.27433952112603815
0.551624785787257,0.0,0.5461190552854687,0.097541657123754,0.3133624143149648,0.19355389967205736,0.37646220231774874,1.0,0.28806336493361706
0.45599348817155794,0.0,0.2325481801787398,0.03599101553849489,0.37745927178848027,0.13347610855451605,0.6152762081089869,1.0,0.1699871778273715
0.39893100776364204,0.0,0.33527227165773493,0.14416499770871605,0.3133624143149648,0.17397650250276764,0.5309347623053311,1.0,0.3758699507552837
0.5462433796656567,0.0,0.39402045057323926,0.05927851926092605,0.3133624143149648,0.12875069215492926,0.4743535938716886,1.0,0.22861502145917786
0.3657027471361928,0.0,0.41163015388087004,0.7836574652947532,0.7219798807086263,0.5182622891942957,0.7542334477945106,0.33333333333333337,0.5119095077226375
0.2327204046815326,0.0,0.7674297113506781,0.46222839827443485,0.3133624143149648,0.3909635540880115,0.7612533648983543,1.0,0.5115242679683863
0.3910734812602528,0.0,0.5083325213195693,0.6316770223371281,1.0,0.6624982878194423,0.698314287441968,0.0,0.5104016718810449
0.3910734812602528,0.0,0.5083325213195693,0.6316770223371281,1.0,0.6624982878194423,0.698314287441968,0.0,0.5104016718810449
0.41002721366808437,0.0,0.49022528051851383,0.6338389378756051,1.0,0.6606149669954723,0.6819645698072304,0.0,0.5104016718810449
0.3224289298122311,0.0,0.5652393513775783,0.5864594349513724,0.9359031425264845,0.6209277048206863,0.6911092078035759,0.0,0.32716724731199076
0.34219463359958885,0.0,0.49239945807014107,0.7566519449430551,0.7860767381821417,0.5491399491323377,0.7016751580810588,0.33333333333333337,0.3903070581051007
0.36490234723537274,0.0,0.49255679758661236,0.7408466984548319,0.9359031425264845,0.5827268286877259,0.6772946734815226,0.0,0.5151876578619762
0.32428826218545426,0.0,0.5302885164710017,0.5495526331381012,0.7860767381821417,0.5499085380953492,0.7070836990587422,0.33333333333333337,0.3689998336597307
0.3789862479268953,0.0,0.48076082306318074,0.5490368174094679,0.9359031425264845,0.5491598908942684,0.7041813577697796,0.33333333333333337,0.4331855592477541
0.34262236264276424,0.0,0.47368662013139945,0.8769502525459296,0.5056529867355115,0.3785218823210961,0.7562256783117768,0.6666666666666667,0.21764368375863188
0.360720781460338,0.0,0.5574978446242262,0.8359078995628128,0.7860767381821417,0.6209277048206863,0.7027730039566606,0.33333333333333337,0.3156022292180828
0.2536921520408301,0.0,0.7395114457564819,0.5256090936630258,0.37745927178848027,0.4370508088948446,0.7635192489393503,1.0,0.4671656457975731
0.38080087510380706,0.0,0.6274703374875743,0.8203421120619719,0.7860767381821417,0.5528770562680076,0.7301177389588698,0.33333333333333337,0.22899864256020386
0.3440986641520579,0.0,0.5223353464286822,0.5126104062211808,0.7860767381821417,0.5773470699340711,0.7190298167562671,0.33333333333333337,0.32762129328151435
0.27275798970405696,0.0,0.8102577107644775,0.6149408608843471,0.5296893082880796,0.43421751943468473,0.7306199126682906,0.6666666666666667,0.23960837450969874
0.36000269379061206,0.0,0.4262125642914583,0.6807664772578396,0.7860767381821417,0.5659567247646281,0.7572811513050021,0.33333333333333337,0.3071051455090786
0.3201540107964145,0.0,0.567134615975179,0.586349271711684,0.7219798807086263,0.5626095764906567,0.6924835695568741,0.33333333333333337,0.32716724731199076
0.25680851635859675,0.0,0.7382191815182766,0.5360884276415641,0.37745927178848027,0.44914168265411886,0.7630290939985177,1.0,0.4664347642567373
